,user,enrolled,predicted_results
1,355818,1,0
4,18305,0,0
5,181631,0,0
7,214036,0,0
8,136307,0,0
14,326559,0,0
17,344787,0,0
18,56016,0,0
19,232394,1,0
24,243971,0,0
26,208403,0,0
28,354095,0,0
30,338615,0,0
34,40817,0,0
36,299520,1,0
37,91682,0,0
38,293891,1,0
40,246662,1,0
42,338719,0,0
44,166993,0,0
45,86498,0,0
47,56302,1,0
48,81598,0,0
49,350304,0,0
51,122086,0,0
52,1642,0,0
56,136296,0,0
58,87227,1,0
65,30872,0,0
67,292696,0,0
70,87977,0,0
71,209202,0,0
74,23115,0,0
75,274742,0,0
80,14945,0,0
83,350746,0,0
84,114873,0,0
86,205923,0,0
89,368382,1,0
98,209316,0,0
100,279892,0,0
105,343443,0,0
107,303793,0,0
109,118468,0,0
112,156007,0,0
114,116245,1,0
116,257839,0,0
119,84423,1,0
122,288385,0,0
123,76085,0,0
124,40836,0,0
125,362998,0,0
127,193724,0,0
128,290965,0,0
131,33674,1,0
132,223822,1,0
134,52567,1,0
135,165939,0,0
136,212566,0,0
142,316613,1,0
146,267207,1,0
147,14741,1,0
148,85339,0,0
150,309612,1,0
151,259674,0,0
153,14111,0,0
154,160574,1,0
155,300440,0,0
156,366514,0,0
158,269328,0,0
166,129848,0,0
167,314609,0,0
168,203662,0,0
170,136289,0,0
172,331846,0,0
173,202833,0,0
174,91928,0,0
175,309888,1,0
181,103559,0,0
182,69101,0,0
183,244645,0,0
184,155294,1,0
187,87516,0,0
189,137406,0,0
192,69475,0,0
193,279662,0,0
195,210676,0,0
196,65450,1,0
198,55396,0,0
199,8141,1,0
200,68998,0,0
201,170930,0,0
202,250345,0,0
205,286005,0,0
209,38537,0,0
210,29732,0,0
211,215094,0,0
212,133811,0,0
216,153384,1,0
219,114889,0,0
222,122029,0,0
225,13913,0,0
227,105478,0,0
229,218090,0,0
230,243159,0,0
231,55305,0,0
235,18491,1,0
237,224419,0,0
238,307259,1,0
239,193102,0,0
240,254672,1,0
242,33472,0,0
244,353513,0,0
245,266239,0,0
247,62319,0,0
252,154656,0,0
253,84490,0,0
259,118007,0,0
260,59747,1,0
262,189889,0,0
265,22041,1,0
268,104624,0,0
270,41561,0,0
271,167410,0,0
276,219482,0,0
277,269866,0,0
278,211867,1,0
280,21862,0,0
281,320004,0,0
283,329378,0,0
284,73327,0,0
286,273112,0,0
287,10483,0,0
293,59947,0,0
294,10954,0,0
295,230842,0,0
296,205748,0,0
297,357368,0,0
299,119243,1,0
300,149024,0,0
304,12933,1,0
305,346885,0,0
308,364142,0,0
312,248408,0,0
316,122957,1,0
319,89291,0,0
320,146003,1,0
322,48799,0,0
323,331792,0,0
325,312567,0,0
326,352700,1,0
329,14463,0,0
330,152084,1,0
333,42662,0,0
335,53281,0,0
337,325699,1,0
339,103492,0,0
341,52927,0,0
342,8296,0,0
343,322949,0,0
346,173760,0,0
348,98546,0,0
349,220356,1,0
351,26654,0,0
353,297006,0,0
356,210467,1,0
357,169269,0,0
358,317001,0,0
360,343421,1,0
363,336473,0,0
364,220341,0,0
367,6552,0,0
368,19837,0,0
369,182770,0,0
372,268062,1,0
376,54512,1,0
377,282450,0,0
380,274722,1,0
381,159437,0,0
385,192445,0,0
386,2856,0,0
387,102874,0,0
388,250726,1,0
389,154048,0,0
390,213483,0,0
391,525,0,0
394,139517,0,0
395,85881,0,0
396,43003,0,0
397,267624,1,0
402,73403,0,0
404,158711,0,0
405,347861,1,0
412,67580,0,0
413,327397,0,0
416,256057,0,0
421,371495,0,0
422,170050,0,0
423,66701,0,0
425,354641,0,0
428,300331,0,0
430,207920,0,0
431,365764,0,0
432,288825,0,0
435,106922,0,0
439,180027,0,0
440,147351,1,0
441,192991,0,0
442,183635,0,0
444,196076,0,0
445,114577,0,0
448,304140,0,0
449,6131,1,0
452,65404,1,0
454,3529,0,0
455,329880,0,0
459,359595,0,0
460,89776,0,0
464,276217,0,0
468,30788,0,0
472,129191,0,0
475,298991,1,0
476,198430,0,0
477,341087,0,0
479,243166,0,0
481,117573,1,0
482,198318,1,0
486,232328,0,0
487,300883,0,0
488,123786,1,0
490,120454,0,0
491,150564,1,0
494,98103,1,0
496,41686,0,0
499,49381,0,0
500,248746,1,0
502,173928,0,0
503,350622,0,0
505,320714,0,0
506,328496,0,0
507,238098,1,0
508,14494,0,0
511,260099,0,0
514,190327,0,0
516,119280,0,0
520,140040,1,0
524,120027,1,0
525,165276,0,0
526,26464,0,0
527,125052,1,0
528,179803,0,0
529,359438,0,0
530,205167,0,0
533,349514,0,0
534,173571,0,0
535,203963,0,0
537,71572,0,0
538,210132,0,0
539,217394,0,0
540,129457,0,0
541,92788,1,0
545,225292,0,0
546,373141,0,0
547,230282,0,0
548,228503,0,0
550,42520,0,0
551,253276,0,0
552,205440,0,0
553,145010,0,0
556,358277,1,0
559,316190,1,0
565,24435,0,0
568,58604,1,0
575,128741,0,0
576,172648,0,0
581,55400,0,0
583,34861,0,0
584,369588,0,0
585,106500,0,0
586,337694,1,0
587,228463,1,0
588,150415,0,0
590,212477,0,0
592,138550,0,0
598,33072,1,0
599,324737,1,0
601,231316,0,0
602,288331,1,0
604,85,0,0
605,305414,0,0
609,95412,1,0
611,262216,0,0
621,348800,0,0
622,258836,1,0
623,149510,1,0
627,19365,0,0
631,183537,0,0
632,13041,0,0
636,61994,0,0
641,288217,0,0
643,168725,0,0
645,306418,1,0
646,147401,1,0
649,367145,0,0
652,197305,1,0
653,279722,0,0
654,74300,0,0
656,5439,0,0
658,265953,0,0
659,119125,1,0
660,212964,0,0
661,249027,0,0
665,196968,0,0
666,85886,1,0
671,117910,1,0
673,322369,0,0
675,114511,0,0
676,148325,0,0
680,351520,0,0
683,110860,1,0
684,276857,1,0
685,64232,0,0
686,370157,0,0
693,202139,0,0
694,220587,0,0
698,281445,1,0
700,220946,0,0
701,333455,1,0
702,285273,0,0
705,201232,0,0
708,121824,0,0
712,311940,0,0
713,32892,1,0
714,164225,0,0
718,168167,0,0
719,25113,0,0
725,95039,0,0
726,76684,0,0
727,97243,0,0
729,154889,1,0
735,334531,0,0
736,290008,1,0
738,143943,0,0
740,341872,0,0
742,103060,0,0
743,50350,0,0
746,334405,0,0
748,260693,0,0
756,263709,0,0
757,372110,1,0
758,95368,0,0
763,64928,1,0
764,222438,1,0
768,353923,1,0
770,294736,0,0
771,219444,0,0
773,167027,0,0
774,247511,0,0
775,123939,0,0
776,106787,1,0
777,90369,0,0
778,91597,1,0
781,104768,0,0
782,70451,0,0
784,90136,0,0
785,138936,1,0
787,191801,0,0
788,366805,1,0
792,64006,0,0
793,185924,0,0
794,7159,0,0
795,187358,0,0
796,147740,0,0
798,67050,0,0
801,339664,0,0
803,98742,0,0
809,129336,0,0
811,328220,1,0
816,268711,0,0
819,329114,0,0
821,165359,0,0
823,209759,1,0
825,349698,0,0
826,189019,1,0
827,128696,1,0
830,250971,0,0
832,117886,1,0
837,84656,1,0
840,45261,0,0
844,366981,0,0
846,61050,0,0
848,261624,0,0
849,330592,1,0
850,214558,0,0
852,200025,1,0
853,306524,0,0
854,248017,1,0
855,253242,0,0
857,185157,0,0
858,290038,0,0
859,68850,0,0
860,222239,0,0
862,290691,0,0
864,36246,1,0
866,173300,0,0
867,244554,1,0
868,2954,0,0
870,345238,0,0
871,286504,0,0
872,98344,0,0
873,177825,1,0
879,298215,1,0
882,211545,0,0
883,179499,0,0
884,98381,0,0
885,224523,0,0
887,142697,1,0
888,301995,0,0
891,246742,1,0
892,196276,0,0
894,185809,0,0
895,11872,1,0
896,268780,0,0
897,25237,0,0
898,371314,0,0
899,274066,0,0
905,185900,1,0
910,164004,0,0
911,97901,0,0
912,260864,1,0
913,152360,0,0
914,360253,0,0
915,89200,0,0
916,189788,0,0
917,252809,0,0
919,124882,0,0
920,82041,0,0
921,124347,0,0
922,149622,0,0
926,30942,0,0
928,159167,0,0
929,323597,0,0
930,341124,1,0
933,293783,0,0
935,97757,0,0
937,152523,0,0
938,309503,0,0
939,341473,0,0
943,121085,0,0
944,45822,0,0
947,124052,0,0
948,56065,0,0
949,28756,0,0
950,245530,0,0
952,190808,0,0
953,79232,0,0
954,85611,1,0
956,265577,0,0
957,35860,0,0
960,17189,0,0
962,228455,0,0
967,52526,1,0
969,27233,0,0
972,253396,0,0
973,309875,0,0
975,104872,0,0
976,174633,0,0
978,43269,0,0
980,350485,0,0
981,264589,0,0
983,286890,0,0
985,65965,0,0
986,332216,0,0
989,226430,0,0
990,267119,0,0
995,42818,1,0
998,301816,0,0
999,363306,0,0
1001,224493,0,0
1002,263039,1,0
1007,196939,0,0
1008,181073,0,0
1009,261228,0,0
1010,46630,1,0
1012,100054,0,0
1014,351123,0,0
1015,307928,0,0
1018,62577,0,0
1020,335127,0,0
1021,192759,0,0
1022,117624,0,0
1023,27501,0,0
1024,200500,0,0
1028,176415,1,0
1030,187453,0,0
1031,206704,0,0
1033,149834,0,0
1039,126916,0,0
1040,199393,0,0
1042,10079,1,0
1045,71928,1,0
1046,56115,0,0
1047,18566,0,0
1048,211226,0,0
1051,50277,0,0
1052,316705,1,0
1053,159074,0,0
1054,148230,0,0
1057,285913,0,0
1062,358493,1,0
1064,220983,0,0
1068,257039,0,0
1069,23321,0,0
1070,106823,0,0
1071,327749,0,0
1074,58530,0,0
1075,65951,0,0
1076,352664,0,0
1079,34532,1,0
1082,132917,1,0
1084,37602,0,0
1086,111620,0,0
1089,357362,1,0
1092,150240,1,0
1094,139286,0,0
1096,173977,0,0
1099,297687,1,0
1100,190294,0,0
1101,322743,1,0
1102,17158,0,0
1104,265735,0,0
1106,366519,0,0
1107,248271,0,0
1108,97201,0,0
1109,89746,0,0
1110,274920,1,0
1111,210617,0,0
1115,339412,0,0
1116,232152,0,0
1120,82974,0,0
1122,72557,0,0
1126,1235,0,0
1127,345116,0,0
1128,307934,1,0
1130,78233,1,0
1132,225715,0,0
1134,163558,1,0
1136,72952,0,0
1142,294084,0,0
1143,67944,0,0
1145,189683,0,0
1146,243202,1,0
1147,56933,0,0
1148,329993,0,0
1150,29627,0,0
1153,88719,1,0
1154,340264,0,0
1156,163719,1,0
1157,321863,0,0
1159,132877,0,0
1165,226450,1,0
1166,357814,1,0
1167,17110,1,0
1171,3507,0,0
1174,121774,0,0
1176,250476,0,0
1177,318756,0,0
1179,44501,0,0
1182,299590,0,0
1183,248178,0,0
1184,138753,0,0
1186,230555,1,0
1187,206622,1,0
1188,220189,0,0
1191,91284,0,0
1192,23614,1,0
1194,131845,0,0
1196,100603,0,0
1197,136450,1,0
1200,306287,0,0
1201,308413,0,0
1203,313476,0,0
1204,21885,0,0
1207,255377,1,0
1208,66171,1,0
1209,314203,0,0
1211,359269,0,0
1214,122257,0,0
1216,26613,0,0
1219,234454,1,0
1220,172370,0,0
1227,178266,0,0
1228,311162,0,0
1231,190403,1,0
1232,176233,0,0
1233,1085,1,0
1235,291375,0,0
1236,55540,1,0
1238,301242,0,0
1243,356551,1,0
1245,333990,1,0
1247,49023,1,0
1248,306587,1,0
1249,75861,0,0
1250,192396,1,0
1253,98429,0,0
1258,329816,0,0
1261,157171,0,0
1262,59389,1,0
1263,327203,0,0
1266,210512,0,0
1267,282208,0,0
1268,56132,0,0
1270,21712,1,0
1272,338783,0,0
1273,268503,0,0
1276,116523,0,0
1277,3804,0,0
1280,194049,0,0
1282,368392,0,0
1285,165970,0,0
1288,298747,0,0
1289,208566,0,0
1290,334022,0,0
1294,329034,0,0
1295,294216,1,0
1296,133230,0,0
1298,103194,0,0
1299,328114,0,0
1300,189702,0,0
1301,274424,0,0
1302,1002,0,0
1303,200953,0,0
1310,307439,1,0
1312,186948,0,0
1313,140246,0,0
1315,28348,1,0
1316,217029,1,0
1318,160055,0,0
1319,131467,0,0
1320,285518,0,0
1323,256046,0,0
1325,91486,0,0
1328,118957,0,0
1332,198873,0,0
1334,204350,0,0
1336,106494,0,0
1338,213036,0,0
1339,64184,1,0
1340,13175,1,0
1345,21036,1,0
1346,348923,0,0
1348,166655,0,0
1351,206768,0,0
1352,212260,1,0
1353,260017,0,0
1354,228159,1,0
1358,163104,0,0
1359,130511,0,0
1361,187544,0,0
1362,196436,0,0
1364,158223,0,0
1367,233991,1,0
1370,17316,1,0
1372,310718,1,0
1373,370498,0,0
1374,349427,0,0
1382,85740,1,0
1385,80500,0,0
1386,12115,1,0
1388,126662,1,0
1391,13271,0,0
1393,326694,0,0
1395,329109,0,0
1397,227263,1,0
1398,74538,0,0
1399,144347,0,0
1400,152469,0,0
1402,80637,0,0
1404,167358,0,0
1409,46405,0,0
1410,368527,0,0
1414,215314,0,0
1417,273969,0,0
1420,356466,0,0
1424,234978,0,0
1425,327553,0,0
1426,142081,1,0
1427,85511,0,0
1431,11075,0,0
1432,31489,1,0
1434,279611,1,0
1436,88717,0,0
1437,30177,0,0
1438,42552,0,0
1440,339973,1,0
1444,353760,1,0
1447,228192,1,0
1448,277345,0,0
1450,102108,0,0
1452,260152,0,0
1453,345765,0,0
1457,213120,1,0
1461,53859,1,0
1462,92126,0,0
1464,68132,0,0
1465,233165,0,0
1469,21911,0,0
1470,242685,0,0
1471,143747,0,0
1472,48646,0,0
1473,130477,0,0
1474,200308,0,0
1476,276186,0,0
1479,369517,0,0
1481,61065,1,0
1483,198293,1,0
1484,110888,0,0
1486,312374,0,0
1490,120091,1,0
1491,9137,0,0
1493,241902,0,0
1494,123817,1,0
1496,281728,0,0
1497,132538,0,0
1500,109622,0,0
1501,73958,1,0
1503,169113,0,0
1504,310516,0,0
1505,102271,0,0
1506,230747,0,0
1508,201361,1,0
1509,354707,0,0
1510,372077,0,0
1512,42682,1,0
1513,271226,1,0
1520,298277,0,0
1521,210492,0,0
1523,79608,0,0
1524,343938,0,0
1525,302349,0,0
1526,191456,0,0
1528,296853,0,0
1531,85350,0,0
1532,314059,0,0
1533,290997,1,0
1535,312388,1,0
1537,198871,1,0
1540,9333,0,0
1541,142439,0,0
1543,297496,0,0
1547,294160,1,0
1549,343116,0,0
1551,122681,0,0
1553,331070,0,0
1556,342206,0,0
1559,301170,0,0
1560,55888,0,0
1561,232952,1,0
1562,289512,0,0
1564,57785,0,0
1567,127336,0,0
1569,199201,1,0
1571,324448,0,0
1573,23943,0,0
1574,346080,0,0
1576,19311,0,0
1580,212329,0,0
1582,357297,0,0
1585,3441,0,0
1589,211455,0,0
1591,336089,0,0
1595,122568,0,0
1597,236524,0,0
1600,120889,0,0
1603,76860,0,0
1604,215479,0,0
1605,149840,0,0
1606,371299,0,0
1607,147412,0,0
1609,329530,0,0
1612,332161,0,0
1614,210195,1,0
1615,72937,0,0
1616,22332,0,0
1617,35406,0,0
1618,106394,0,0
1619,142099,0,0
1620,336356,0,0
1621,262884,0,0
1622,125039,0,0
1623,277983,0,0
1626,9525,0,0
1627,87421,0,0
1628,341863,0,0
1629,49615,0,0
1630,3729,0,0
1631,365420,0,0
1634,334497,0,0
1635,220487,0,0
1636,22901,0,0
1637,182839,0,0
1638,32617,0,0
1640,133880,0,0
1641,274756,0,0
1643,59297,0,0
1645,10750,0,0
1646,97683,1,0
1647,18275,0,0
1649,142429,0,0
1651,238362,0,0
1652,21845,0,0
1653,247949,0,0
1654,112660,0,0
1656,180677,0,0
1658,134449,0,0
1659,123493,0,0
1660,291096,0,0
1661,349064,0,0
1662,228624,0,0
1663,353673,0,0
1665,209545,0,0
1667,171112,0,0
1668,230167,1,0
1669,354044,0,0
1671,38928,0,0
1672,116384,0,0
1673,77698,0,0
1674,232843,0,0
1675,155978,0,0
1678,365065,0,0
1679,165959,0,0
1680,7205,0,0
1681,28333,0,0
1682,362293,0,0
1683,93932,0,0
1685,120121,1,0
1686,372015,0,0
1692,294304,0,0
1694,194081,0,0
1700,364451,0,0
1701,23139,0,0
1702,84480,0,0
1703,360364,0,0
1709,329976,0,0
1710,309621,0,0
1711,204201,0,0
1713,149067,0,0
1714,260570,0,0
1715,132468,0,0
1717,240349,0,0
1718,249880,0,0
1720,14140,0,0
1721,322966,1,0
1722,188738,0,0
1723,334890,0,0
1727,55030,0,0
1729,136611,0,0
1730,352187,0,0
1731,351893,1,0
1732,19663,0,0
1733,96480,0,0
1738,116632,1,0
1740,43958,0,0
1742,267868,0,0
1744,124427,0,0
1745,135330,0,0
1748,104082,0,0
1749,190711,1,0
1750,179125,1,0
1751,269177,1,0
1752,130027,0,0
1753,314990,0,0
1756,337881,1,0
1759,94243,1,0
1760,214191,0,0
1764,219483,0,0
1765,294017,0,0
1766,7996,0,0
1767,186601,0,0
1768,167346,1,0
1770,6446,0,0
1771,286847,0,0
1777,209138,0,0
1780,361895,0,0
1781,186196,0,0
1783,115939,0,0
1784,98722,0,0
1790,297810,0,0
1791,177479,0,0
1793,18384,0,0
1797,175611,0,0
1798,361611,0,0
1799,215529,0,0
1800,170757,0,0
1802,16607,0,0
1803,106978,0,0
1805,149760,1,0
1806,52769,0,0
1807,232433,0,0
1808,92183,1,0
1809,320769,0,0
1811,341859,0,0
1821,268950,1,0
1822,149339,0,0
1824,60216,0,0
1825,273412,0,0
1826,331156,1,0
1828,94517,0,0
1832,278127,1,0
1835,234247,0,0
1836,362258,0,0
1837,20658,0,0
1838,198037,1,0
1839,216125,0,0
1840,339737,1,0
1841,192468,1,0
1842,41804,0,0
1843,373498,0,0
1845,102002,0,0
1846,348997,1,0
1847,162795,1,0
1849,349280,0,0
1850,76781,1,0
1856,163042,0,0
1858,249425,1,0
1859,309917,1,0
1861,189201,0,0
1864,98383,1,0
1866,327392,0,0
1867,341386,0,0
1868,240942,0,0
1872,304122,0,0
1876,42646,0,0
1878,343909,0,0
1879,220912,0,0
1881,219129,1,0
1885,132152,1,0
1886,155804,0,0
1887,185761,0,0
1893,335710,0,0
1894,224464,0,0
1900,281074,0,0
1903,263419,0,0
1904,258094,0,0
1907,184156,0,0
1908,3788,1,0
1909,75091,0,0
1912,86178,0,0
1914,64602,1,0
1917,346213,1,0
1918,333286,0,0
1919,22672,0,0
1921,284368,0,0
1922,142143,0,0
1926,177465,0,0
1930,46581,1,0
1932,3503,0,0
1933,338784,0,0
1935,244989,0,0
1944,330306,0,0
1945,142265,1,0
1947,352184,0,0
1948,5467,0,0
1949,351648,0,0
1950,229694,0,0
1951,116031,0,0
1955,246281,0,0
1956,24927,0,0
1958,9112,0,0
1959,209248,1,0
1960,146987,1,0
1961,228373,0,0
1962,363153,0,0
1964,91472,0,0
1965,104434,1,0
1969,7635,1,0
1970,164731,0,0
1972,327493,0,0
1973,226249,0,0
1975,270913,1,0
1976,169004,0,0
1979,121903,0,0
1981,339726,1,0
1982,243007,1,0
1983,75894,0,0
1985,206798,1,0
1986,278217,0,0
1987,140764,0,0
1988,152960,0,0
1990,113903,0,0
1992,43585,0,0
1993,131471,1,0
1994,226789,0,0
1995,225765,0,0
1996,15869,1,0
1998,141239,1,0
2000,152816,0,0
2001,278731,0,0
2008,175886,0,0
2011,346922,0,0
2013,122280,0,0
2014,142492,1,0
2016,215757,0,0
2018,124230,0,0
2021,219272,0,0
2022,309513,0,0
2024,249872,1,0
2027,68724,0,0
2028,57804,0,0
2030,369222,1,0
2031,225114,1,0
2034,71480,0,0
2038,112057,0,0
2039,104046,0,0
2040,236487,0,0
2041,192790,1,0
2043,142563,1,0
2045,330832,0,0
2051,238780,1,0
2054,86392,0,0
2057,146030,0,0
2058,39395,0,0
2064,370944,0,0
2065,90881,0,0
2068,193380,1,0
2071,333430,0,0
2072,204011,1,0
2074,343868,0,0
2075,125260,0,0
2076,25246,0,0
2077,79978,0,0
2079,297121,0,0
2080,305757,1,0
2082,130150,0,0
2083,152469,0,0
2084,330815,0,0
2085,265834,0,0
2088,290649,0,0
2089,108525,0,0
2090,221505,0,0
2092,78335,0,0
2093,90297,0,0
2095,37076,0,0
2098,225190,1,0
2099,330661,1,0
2103,213221,0,0
2104,93177,1,0
2108,195468,0,0
2110,29847,0,0
2111,131591,0,0
2115,108138,0,0
2119,355163,1,0
2121,13590,0,0
2123,316285,0,0
2124,165394,0,0
2125,190828,0,0
2128,68285,0,0
2130,101822,0,0
2131,88971,1,0
2132,343009,0,0
2133,235931,0,0
2135,17060,0,0
2136,249767,0,0
2139,14907,0,0
2141,227511,1,0
2142,55589,0,0
2145,224588,0,0
2147,303695,0,0
2148,309396,0,0
2150,171611,0,0
2151,64399,0,0
2153,131141,0,0
2156,137193,0,0
2158,30708,0,0
2160,148966,0,0
2161,296965,1,0
2162,144249,0,0
2163,150936,0,0
2165,233554,0,0
2166,34172,0,0
2167,289642,0,0
2168,324264,1,0
2169,312863,1,0
2170,92994,0,0
2171,177705,0,0
2172,16428,1,0
2182,239611,0,0
2183,204841,1,0
2186,337537,1,0
2189,12022,1,0
2190,245313,0,0
2191,73782,0,0
2194,307219,0,0
2195,155911,0,0
2197,310413,1,0
2198,260260,0,0
2199,201532,0,0
2203,184619,0,0
2204,194070,0,0
2207,335795,0,0
2208,118180,1,0
2211,57871,0,0
2215,207787,0,0
2216,2729,0,0
2217,338647,0,0
2219,46690,0,0
2224,345063,0,0
2226,46421,0,0
2227,42321,1,0
2228,359341,0,0
2230,230311,1,0
2232,166665,0,0
2233,125294,1,0
2236,111625,0,0
2237,335466,0,0
2243,187211,0,0
2244,358240,0,0
2246,270691,0,0
2247,33613,0,0
2248,103451,1,0
2249,59843,0,0
2251,293007,1,0
2252,361260,0,0
2255,364625,0,0
2256,308486,0,0
2260,54455,0,0
2264,134438,0,0
2267,45378,1,0
2268,144148,1,0
2273,79023,0,0
2274,35346,0,0
2276,248081,0,0
2279,210761,0,0
2280,309755,0,0
2283,291648,0,0
2290,332865,0,0
2291,61528,0,0
2292,181810,0,0
2293,242799,0,0
2295,14885,0,0
2300,173101,0,0
2302,346876,0,0
2306,244702,1,0
2307,7237,0,0
2308,343940,1,0
2309,164315,1,0
2312,95990,0,0
2313,284250,1,0
2314,130672,0,0
2315,35445,0,0
2317,296518,0,0
2318,203867,0,0
2322,33119,1,0
2325,142203,0,0
2326,34400,0,0
2330,288354,0,0
2332,322737,0,0
2333,11892,1,0
2334,4443,0,0
2336,284884,0,0
2337,65728,0,0
2341,190038,0,0
2342,348909,1,0
2343,72890,1,0
2344,289315,0,0
2347,121646,0,0
2348,320632,0,0
2349,212708,0,0
2352,88078,0,0
2353,53812,0,0
2354,337800,0,0
2356,332068,0,0
2357,55046,0,0
2358,193876,1,0
2361,254536,1,0
2362,4460,1,0
2364,223281,1,0
2365,41149,0,0
2366,9976,0,0
2367,185084,0,0
2369,249576,0,0
2371,289332,0,0
2372,342628,0,0
2373,146582,0,0
2375,225978,1,0
2377,35326,0,0
2379,361903,1,0
2384,287318,0,0
2385,17613,0,0
2386,265349,0,0
2388,272518,0,0
2390,187302,0,0
2392,139642,0,0
2393,40356,1,0
2394,362188,1,0
2395,134352,0,0
2400,217034,0,0
2401,144003,0,0
2402,9219,0,0
2404,206010,0,0
2405,93523,0,0
2407,261508,1,0
2412,266751,1,0
2415,340934,0,0
2416,219039,0,0
2417,283492,0,0
2418,229123,1,0
2420,37470,0,0
2421,198057,0,0
2422,144966,1,0
2428,140512,0,0
2429,197261,0,0
2432,152510,0,0
2436,211453,0,0
2438,312133,1,0
2442,310714,1,0
2443,154100,0,0
2446,116809,0,0
2448,199732,0,0
2449,86161,1,0
2452,4433,0,0
2453,326762,0,0
2455,140467,0,0
2456,106405,0,0
2460,235072,0,0
2461,353134,0,0
2466,236866,0,0
2467,98240,1,0
2469,285023,0,0
2474,168332,0,0
2475,155881,0,0
2476,191345,0,0
2481,146433,0,0
2484,278822,1,0
2487,271415,0,0
2492,227089,0,0
2493,226156,0,0
2494,272549,0,0
2495,199506,0,0
2497,299188,0,0
2499,218354,0,0
2501,276842,0,0
2505,44748,1,0
2506,241614,0,0
2509,55430,0,0
2511,235873,0,0
2512,18387,0,0
2513,264115,0,0
2515,271359,0,0
2519,339890,1,0
2528,115233,0,0
2529,67270,0,0
2530,337306,1,0
2532,117032,1,0
2536,294350,0,0
2538,100049,1,0
2539,241930,0,0
2540,287442,1,0
2545,245961,0,0
2547,25637,0,0
2549,77951,0,0
2553,177211,1,0
2554,218938,1,0
2556,67587,0,0
2557,90603,0,0
2566,173834,1,0
2567,94558,0,0
2569,91421,0,0
2572,231806,0,0
2573,169925,0,0
2576,273574,0,0
2577,347686,0,0
2585,83382,1,0
2586,324345,0,0
2587,58466,0,0
2589,70880,0,0
2590,370565,0,0
2593,45694,0,0
2594,45899,1,0
2595,342074,0,0
2597,174078,0,0
2598,285869,1,0
2599,122496,0,0
2600,108850,0,0
2601,138943,0,0
2604,115019,0,0
2605,120804,0,0
2607,265232,0,0
2609,140108,0,0
2610,180506,0,0
2612,346495,0,0
2617,279095,1,0
2618,109005,0,0
2620,243912,1,0
2621,96916,0,0
2622,102633,0,0
2626,308220,0,0
2627,83403,0,0
2634,70576,0,0
2635,866,1,0
2636,99824,0,0
2637,302380,0,0
2638,186397,0,0
2642,186024,0,0
2646,329185,0,0
2647,117364,0,0
2649,256877,0,0
2652,313576,0,0
2657,33662,0,0
2658,352629,0,0
2660,11113,1,0
2663,46684,0,0
2667,163351,0,0
2669,32758,0,0
2670,97904,0,0
2672,251828,0,0
2675,85575,0,0
2676,251126,0,0
2678,299588,0,0
2679,327587,0,0
2680,18177,0,0
2681,198755,0,0
2682,139851,1,0
2684,90111,1,0
2685,293372,0,0
2686,38964,0,0
2687,341320,0,0
2689,250655,0,0
2691,302959,0,0
2695,108821,0,0
2696,308313,0,0
2697,1703,1,0
2699,192811,0,0
2701,39342,0,0
2703,11781,0,0
2705,133499,0,0
2706,109759,1,0
2708,50972,0,0
2709,190359,0,0
2712,222070,0,0
2714,183996,0,0
2716,354076,0,0
2719,255157,0,0
2720,269670,0,0
2721,1457,0,0
2722,99161,0,0
2723,121293,0,0
2724,150760,0,0
2726,135546,0,0
2727,206833,0,0
2729,94262,1,0
2730,165462,0,0
2735,345803,0,0
2738,135160,0,0
2743,227007,0,0
2746,220574,1,0
2747,206750,0,0
2748,103940,0,0
2750,77398,0,0
2752,289341,1,0
2756,41186,1,0
2761,266096,1,0
2762,357180,0,0
2763,309354,1,0
2765,142527,0,0
2773,8962,0,0
2775,11496,0,0
2777,197842,0,0
2778,55887,0,0
2784,100826,1,0
2786,251218,1,0
2787,266732,0,0
2789,255478,1,0
2792,289159,0,0
2794,367152,1,0
2798,317329,0,0
2800,255813,0,0
2802,186474,0,0
2803,238369,0,0
2804,67214,0,0
2806,176278,0,0
2807,168092,0,0
2808,260656,1,0
2812,345870,0,0
2813,331483,0,0
2814,366117,1,0
2817,319975,0,0
2819,80205,0,0
2820,217417,0,0
2823,62492,0,0
2824,88667,0,0
2825,90543,1,0
2827,312780,1,0
2829,289460,0,0
2832,84515,0,0
2833,88359,1,0
2836,291150,0,0
2839,370289,0,0
2841,79039,0,0
2842,353329,0,0
2844,327700,0,0
2846,59167,0,0
2850,309339,1,0
2855,340590,0,0
2860,239101,0,0
2862,213848,0,0
2863,125665,0,0
2864,113524,0,0
2865,304249,0,0
2866,212135,0,0
2867,257135,0,0
2868,90376,0,0
2869,201891,0,0
2872,124076,0,0
2875,74145,0,0
2878,4194,0,0
2879,337348,0,0
2881,212294,1,0
2885,65903,0,0
2886,143580,0,0
2888,90679,0,0
2889,4803,0,0
2890,98434,0,0
2895,225994,0,0
2896,268394,0,0
2897,157581,0,0
2900,106591,0,0
2902,326814,1,0
2903,103237,0,0
2904,197815,0,0
2905,284506,1,0
2908,28031,0,0
2909,11691,0,0
2917,359286,0,0
2918,196433,0,0
2920,67390,0,0
2926,191746,1,0
2929,170602,0,0
2930,111381,0,0
2931,118832,1,0
2932,247282,0,0
2933,81545,0,0
2936,140414,1,0
2940,119310,0,0
2942,149706,1,0
2943,45651,0,0
2945,101643,1,0
2946,12077,1,0
2947,332491,0,0
2948,39729,1,0
2949,258116,0,0
2950,41366,0,0
2953,307458,0,0
2954,48732,0,0
2955,189359,0,0
2957,360244,0,0
2958,286165,0,0
2959,196527,0,0
2961,208521,1,0
2965,225133,0,0
2966,79025,1,0
2968,322672,0,0
2969,336488,0,0
2970,77247,0,0
2973,39382,0,0
2975,338995,0,0
2979,144377,0,0
2980,271832,0,0
2985,148887,0,0
2987,54391,0,0
2988,193911,0,0
2989,43445,0,0
2993,135656,0,0
2994,70128,0,0
2996,133787,0,0
2997,190542,0,0
2998,58550,1,0
2999,311865,0,0
3004,87596,0,0
3005,323012,0,0
3006,313194,0,0
3007,4328,0,0
3008,330957,1,0
3010,222556,0,0
3011,352646,0,0
3013,167564,0,0
3014,136063,0,0
3015,30160,0,0
3016,359452,0,0
3018,268505,0,0
3020,116191,1,0
3021,103269,1,0
3023,308850,0,0
3024,185071,1,0
3025,185740,0,0
3029,347492,1,0
3032,203563,0,0
3033,116473,0,0
3037,353246,0,0
3038,185756,0,0
3040,41309,0,0
3041,335776,1,0
3042,349955,1,0
3043,268530,1,0
3045,214999,0,0
3047,41841,1,0
3049,76774,0,0
3051,216842,0,0
3052,159568,0,0
3053,324835,0,0
3054,214955,1,0
3055,297909,0,0
3057,199179,0,0
3059,336144,1,0
3061,231762,0,0
3066,280895,0,0
3067,265196,0,0
3068,150455,1,0
3074,83379,1,0
3075,293256,0,0
3076,338539,0,0
3077,356879,0,0
3078,191646,0,0
3081,25653,0,0
3084,274227,0,0
3086,309093,0,0
3087,362726,1,0
3091,346339,0,0
3092,162465,0,0
3095,30145,0,0
3098,141180,1,0
3099,203777,0,0
3101,350048,0,0
3104,55306,0,0
3108,94794,0,0
3113,68379,0,0
3114,259675,0,0
3115,51257,1,0
3116,304420,1,0
3117,64181,1,0
3123,316758,0,0
3125,163221,0,0
3126,287933,1,0
3127,218758,0,0
3128,151582,0,0
3129,344746,0,0
3130,225464,1,0
3133,204875,0,0
3137,262271,0,0
3138,158888,1,0
3139,305688,0,0
3141,152627,0,0
3143,206439,0,0
3144,117695,0,0
3145,24215,0,0
3147,128991,0,0
3148,89796,0,0
3149,171263,1,0
3151,275406,0,0
3156,44504,0,0
3164,264977,0,0
3165,361010,1,0
3167,140705,0,0
3169,121387,0,0
3171,116281,1,0
3172,227731,0,0
3174,274479,0,0
3175,105406,0,0
3179,356309,0,0
3181,153315,0,0
3182,306276,0,0
3183,174525,0,0
3186,211747,0,0
3191,220230,0,0
3192,306572,0,0
3193,97695,1,0
3194,106662,0,0
3195,350126,0,0
3197,278198,0,0
3200,164450,0,0
3201,304040,0,0
3202,57854,0,0
3205,53675,0,0
3206,288859,0,0
3212,17512,0,0
3213,95615,0,0
3214,287220,0,0
3216,301643,0,0
3218,73024,1,0
3222,202007,0,0
3227,93720,0,0
3228,30497,0,0
3229,336951,0,0
3231,120052,0,0
3233,274703,0,0
3234,93653,0,0
3235,339920,0,0
3237,234220,0,0
3238,164755,0,0
3241,168516,0,0
3242,354964,0,0
3244,129975,0,0
3246,267527,0,0
3247,88532,0,0
3248,181690,1,0
3249,85907,1,0
3252,309015,1,0
3253,34029,0,0
3257,353320,0,0
3260,5931,0,0
3263,30982,0,0
3267,18150,0,0
3268,141237,0,0
3269,156501,0,0
3271,45522,0,0
3272,42120,0,0
3273,302514,1,0
3274,337749,1,0
3277,249381,0,0
3278,90165,0,0
3279,134911,0,0
3281,55568,0,0
3282,304206,1,0
3283,150778,0,0
3285,61384,1,0
3287,106992,0,0
3290,64308,0,0
3291,76842,0,0
3299,354030,0,0
3301,52294,1,0
3303,72502,0,0
3304,16279,0,0
3305,347947,0,0
3306,207984,0,0
3308,152001,0,0
3309,163594,0,0
3312,68893,0,0
3314,145976,0,0
3317,276739,0,0
3318,130482,0,0
3324,260678,1,0
3326,179344,0,0
3327,249987,1,0
3330,162118,0,0
3332,197286,0,0
3333,139298,1,0
3334,304178,0,0
3335,245836,0,0
3337,103079,0,0
3339,216623,1,0
3343,254310,1,0
3344,24170,1,0
3345,281409,1,0
3346,308516,0,0
3347,75509,0,0
3348,319629,0,0
3350,354592,0,0
3355,144787,1,0
3357,353619,1,0
3358,64221,0,0
3360,258238,0,0
3361,257846,0,0
3362,246108,1,0
3365,308004,1,0
3368,19386,0,0
3369,3622,0,0
3370,275552,0,0
3372,115494,0,0
3373,262159,1,0
3375,356897,0,0
3376,226721,1,0
3378,151701,1,0
3382,101982,0,0
3384,188711,0,0
3385,40720,0,0
3388,66908,1,0
3389,115448,0,0
3390,221297,0,0
3391,223074,0,0
3392,370261,0,0
3395,16556,0,0
3396,37504,1,0
3397,204814,0,0
3398,138100,0,0
3401,181570,0,0
3402,331090,0,0
3403,292459,0,0
3404,158172,0,0
3410,145572,1,0
3411,310471,0,0
3412,79199,0,0
3413,171861,0,0
3415,255445,0,0
3416,196967,0,0
3417,112751,0,0
3420,141171,0,0
3424,206360,0,0
3425,272708,0,0
3426,33940,0,0
3429,197248,0,0
3432,55474,0,0
3435,223052,0,0
3436,248522,1,0
3439,51602,1,0
3442,289095,0,0
3444,262882,0,0
3445,186578,0,0
3446,247372,0,0
3447,372047,1,0
3450,194410,1,0
3451,188265,0,0
3453,135941,0,0
3454,185765,0,0
3456,237852,0,0
3462,316548,0,0
3465,51739,0,0
3467,84075,0,0
3468,15484,1,0
3469,290283,0,0
3470,109704,0,0
3474,70143,0,0
3475,314380,0,0
3477,174013,0,0
3480,157515,0,0
3481,285637,0,0
3482,42398,0,0
3484,343342,0,0
3486,135879,0,0
3487,27535,0,0
3488,360256,0,0
3490,84621,0,0
3491,190835,0,0
3496,319610,0,0
3501,131652,0,0
3502,365532,0,0
3505,281557,0,0
3506,169788,1,0
3507,279091,0,0
3509,173692,1,0
3510,208888,1,0
3512,316938,0,0
3514,251028,1,0
3515,278857,0,0
3516,66565,0,0
3518,181097,0,0
3519,20021,1,0
3522,88462,0,0
3523,362271,0,0
3526,244700,0,0
3527,49929,0,0
3528,171835,1,0
3532,148395,0,0
3533,291620,0,0
3534,21192,0,0
3535,193086,0,0
3536,282133,0,0
3537,187763,0,0
3538,270213,0,0
3543,29684,1,0
3547,196875,1,0
3548,270644,0,0
3550,174752,0,0
3554,361408,0,0
3555,261567,0,0
3557,297852,0,0
3558,288706,0,0
3559,239118,0,0
3560,354199,0,0
3563,175293,0,0
3564,364064,1,0
3565,147499,0,0
3566,188594,0,0
3567,47741,0,0
3572,184522,1,0
3573,92392,0,0
3574,125251,0,0
3576,61789,0,0
3578,91549,0,0
3579,164628,0,0
3585,342943,1,0
3589,83024,0,0
3590,275943,0,0
3591,272154,0,0
3593,187329,1,0
3594,350551,0,0
3596,126492,0,0
3597,23453,0,0
3604,140478,0,0
3605,16412,1,0
3606,191128,0,0
3609,83618,0,0
3610,213736,1,0
3611,244025,0,0
3613,76706,0,0
3614,153860,0,0
3616,6337,0,0
3618,82076,1,0
3620,327779,0,0
3621,232445,0,0
3622,104021,0,0
3623,206420,0,0
3624,134664,0,0
3625,235990,0,0
3627,303077,0,0
3628,9335,0,0
3631,354377,0,0
3632,211260,0,0
3635,372323,0,0
3637,285669,0,0
3638,369573,0,0
3641,147709,0,0
3642,102564,1,0
3644,122269,0,0
3645,263003,1,0
3646,35286,0,0
3647,94288,0,0
3649,297485,0,0
3652,126075,0,0
3654,37106,0,0
3656,326510,0,0
3658,275909,0,0
3659,264451,0,0
3663,110539,0,0
3665,243458,0,0
3667,347263,0,0
3668,260372,0,0
3671,314600,0,0
3672,39464,0,0
3673,270151,1,0
3675,90138,0,0
3676,17274,0,0
3679,205898,0,0
3681,270220,0,0
3682,310706,0,0
3683,140130,0,0
3688,96989,1,0
3689,337474,0,0
3690,43765,0,0
3691,186767,0,0
3695,293397,0,0
3696,372665,0,0
3700,309152,0,0
3701,184803,0,0
3705,244058,0,0
3706,12979,0,0
3709,80552,1,0
3710,73437,1,0
3713,282344,0,0
3714,32235,1,0
3717,253945,1,0
3719,208362,0,0
3720,250647,0,0
3721,84281,0,0
3722,99061,0,0
3724,135757,0,0
3725,152086,0,0
3726,220644,0,0
3727,35899,0,0
3731,20464,0,0
3732,310090,0,0
3733,136429,0,0
3740,330670,1,0
3741,351610,0,0
3742,184028,0,0
3743,272042,0,0
3747,80061,0,0
3748,12600,0,0
3751,259935,0,0
3752,52050,0,0
3753,39193,1,0
3757,252539,0,0
3764,281370,0,0
3769,197238,0,0
3770,347841,0,0
3771,335916,1,0
3780,124077,0,0
3781,111435,0,0
3783,287969,1,0
3784,195833,0,0
3785,253961,1,0
3788,6616,0,0
3790,122663,0,0
3798,5905,1,0
3801,49732,1,0
3808,262169,1,0
3809,31167,0,0
3810,244273,0,0
3812,17724,0,0
3815,91395,0,0
3816,6228,0,0
3817,53978,0,0
3818,370418,0,0
3819,368493,0,0
3821,40359,0,0
3822,124406,0,0
3826,303465,1,0
3830,141615,0,0
3836,343581,1,0
3837,64804,0,0
3838,241731,0,0
3839,138807,0,0
3840,195570,0,0
3842,371642,1,0
3843,242845,0,0
3846,300445,0,0
3849,176931,0,0
3852,46912,0,0
3854,66319,0,0
3855,278933,1,0
3859,115643,0,0
3860,198558,0,0
3861,156279,1,0
3864,224375,1,0
3868,218307,0,0
3869,248532,0,0
3870,229913,0,0
3873,231507,0,0
3875,343476,0,0
3877,310814,0,0
3878,294405,1,0
3881,215226,0,0
3883,301926,0,0
3886,101115,0,0
3890,10327,0,0
3895,11821,0,0
3896,10489,0,0
3897,35375,0,0
3898,163610,0,0
3902,79260,1,0
3905,34982,0,0
3906,276214,0,0
3907,104877,1,0
3909,128349,1,0
3910,327296,0,0
3912,302336,1,0
3914,64621,0,0
3915,217404,0,0
3918,210103,0,0
3919,367055,1,0
3921,166493,0,0
3922,330696,1,0
3925,58068,1,0
3927,51316,0,0
3928,63160,0,0
3931,298607,0,0
3932,321261,0,0
3934,18721,0,0
3936,246576,0,0
3938,72121,0,0
3939,167402,1,0
3940,86766,0,0
3941,235012,0,0
3942,115883,0,0
3943,326324,0,0
3944,36837,0,0
3946,21344,0,0
3947,355938,0,0
3949,369653,0,0
3950,272995,1,0
3951,223677,0,0
3957,95517,1,0
3963,582,1,0
3964,169628,1,0
3968,129444,0,0
3974,315698,0,0
3975,265393,0,0
3977,93115,0,0
3978,136518,0,0
3980,306713,0,0
3982,331448,0,0
3983,283771,1,0
3986,241725,0,0
3990,116374,0,0
3993,208937,0,0
3995,25898,1,0
3996,250463,1,0
4001,352867,0,0
4004,363437,0,0
4005,236759,1,0
4007,8505,1,0
4009,66758,1,0
4010,220170,0,0
4013,159105,0,0
4015,360734,1,0
4021,356067,1,0
4022,143318,0,0
4023,240055,0,0
4024,325153,0,0
4025,217526,0,0
4026,328831,0,0
4028,108588,0,0
4029,112832,0,0
4031,58292,0,0
4032,263415,0,0
4034,160487,0,0
4035,114809,1,0
4036,115077,0,0
4037,145988,0,0
4041,309546,0,0
4042,159042,0,0
4043,203409,0,0
4046,101771,0,0
4047,51384,0,0
4049,313228,1,0
4050,24702,0,0
4051,154974,0,0
4052,208701,0,0
4053,184391,0,0
4055,109249,0,0
4063,110722,1,0
4065,46015,0,0
4071,83323,1,0
4078,215976,0,0
4080,306637,0,0
4082,335883,1,0
4083,63480,0,0
4084,94391,1,0
4090,10971,0,0
4093,265321,0,0
4094,203451,0,0
4095,226436,0,0
4096,368431,0,0
4097,65070,0,0
4099,324981,0,0
4102,85532,1,0
4108,351508,0,0
4110,158399,0,0
4113,263363,0,0
4114,237313,0,0
4115,2628,0,0
4117,255515,0,0
4118,114444,0,0
4119,148972,0,0
4125,360683,1,0
4128,180236,0,0
4129,191632,1,0
4130,92683,0,0
4131,38158,0,0
4132,369244,0,0
4137,217316,1,0
4138,34427,0,0
4139,305709,0,0
4140,52679,0,0
4141,266020,0,0
4142,228963,0,0
4143,349506,1,0
4147,116692,1,0
4148,173440,0,0
4151,255718,0,0
4153,371110,0,0
4154,232872,0,0
4155,137629,0,0
4159,28865,0,0
4162,229831,0,0
4164,340636,1,0
4166,198124,0,0
4168,94112,1,0
4170,161013,0,0
4171,182909,0,0
4173,1574,0,0
4174,49811,0,0
4177,163821,0,0
4181,117893,1,0
4182,8912,0,0
4183,333576,1,0
4185,210502,1,0
4186,148224,1,0
4187,300595,0,0
4188,301792,0,0
4190,51418,0,0
4196,620,0,0
4197,208752,0,0
4199,18188,1,0
4201,123649,0,0
4202,98405,0,0
4203,313016,0,0
4204,209593,1,0
4207,65702,0,0
4208,162356,0,0
4211,13224,0,0
4212,139686,0,0
4215,274780,0,0
4219,74391,0,0
4222,26245,0,0
4223,309749,0,0
4225,105616,0,0
4226,41077,1,0
4231,316312,0,0
4233,148834,0,0
4236,191914,1,0
4237,75772,0,0
4240,343817,0,0
4241,304570,0,0
4244,334528,1,0
4246,284563,0,0
4249,156415,0,0
4252,161377,1,0
4255,45422,0,0
4257,191525,1,0
4258,35922,0,0
4259,217596,0,0
4260,188404,0,0
4262,349074,0,0
4263,320621,0,0
4265,183214,0,0
4266,37511,0,0
4268,27597,0,0
4270,130170,0,0
4273,26658,0,0
4277,227441,1,0
4279,13177,1,0
4285,329098,0,0
4286,266929,0,0
4288,278248,1,0
4289,161044,0,0
4290,5862,0,0
4292,70280,1,0
4293,25253,0,0
4294,95485,0,0
4295,224852,0,0
4300,34103,1,0
4303,190142,1,0
4305,86349,0,0
4307,174734,0,0
4308,269722,0,0
4310,306709,0,0
4312,148265,0,0
4314,85497,0,0
4315,124675,0,0
4316,21712,1,0
4317,18967,0,0
4319,221962,0,0
4320,136157,0,0
4323,224405,0,0
4325,197457,0,0
4326,363916,1,0
4328,347996,0,0
4329,178524,0,0
4332,160895,0,0
4333,139662,0,0
4335,267963,0,0
4336,45656,0,0
4337,329429,0,0
4338,56735,1,0
4339,149911,0,0
4340,229221,0,0
4345,10442,1,0
4348,227420,0,0
4349,57055,0,0
4350,28120,0,0
4351,51159,0,0
4353,195415,1,0
4356,48941,0,0
4357,245690,0,0
4358,119343,0,0
4359,357863,0,0
4360,178263,0,0
4362,334062,0,0
4365,368077,1,0
4366,80335,1,0
4369,232941,0,0
4370,116402,0,0
4371,233237,1,0
4372,129140,0,0
4373,121366,0,0
4374,30069,0,0
4379,196430,0,0
4380,343514,0,0
4382,80514,0,0
4383,133906,0,0
4384,103391,0,0
4385,9369,1,0
4386,271006,0,0
4392,33584,0,0
4395,85268,0,0
4396,50968,0,0
4397,287212,0,0
4398,72345,0,0
4399,356380,0,0
4401,1726,0,0
4402,172106,0,0
4403,137854,0,0
4405,230179,0,0
4406,53151,0,0
4407,42423,0,0
4408,359082,0,0
4413,15147,0,0
4417,300968,0,0
4418,368454,0,0
4419,113867,0,0
4420,153070,0,0
4421,24815,1,0
4426,191105,0,0
4427,48094,1,0
4429,99203,0,0
4430,22524,1,0
4431,342287,1,0
4434,184955,0,0
4441,175673,0,0
4442,307201,0,0
4445,155635,0,0
4447,184617,0,0
4449,175688,0,0
4451,341707,0,0
4453,326681,1,0
4454,150666,0,0
4460,283958,0,0
4461,256589,0,0
4463,43911,0,0
4464,142644,1,0
4465,31039,1,0
4466,219375,0,0
4467,213531,1,0
4468,84527,1,0
4469,246869,0,0
4471,182193,0,0
4472,289844,1,0
4477,365128,1,0
4483,107239,0,0
4486,288939,0,0
4488,52549,0,0
4490,5637,1,0
4491,202746,0,0
4492,287637,1,0
4493,47686,0,0
4496,335347,0,0
4497,200878,0,0
4498,237396,0,0
4499,287309,0,0
4502,268564,0,0
4508,172350,0,0
4514,186546,0,0
4516,297603,0,0
4517,114288,0,0
4520,177360,0,0
4524,205972,0,0
4526,132496,0,0
4529,232456,0,0
4530,129159,0,0
4531,215583,0,0
4534,188400,1,0
4535,276108,0,0
4542,180770,1,0
4545,152106,0,0
4546,60990,0,0
4547,233931,0,0
4548,344838,0,0
4550,281330,0,0
4551,22789,0,0
4558,371294,0,0
4559,230992,0,0
4560,194728,0,0
4563,99262,0,0
4567,357324,0,0
4568,270139,1,0
4569,353747,1,0
4570,309873,0,0
4571,110887,0,0
4573,190622,0,0
4575,260431,0,0
4577,4149,1,0
4578,93282,0,0
4579,75674,0,0
4580,20692,0,0
4586,71282,1,0
4587,299501,0,0
4592,259006,0,0
4594,201016,0,0
4595,116001,0,0
4597,253367,0,0
4598,288789,0,0
4603,77208,0,0
4608,168030,0,0
4609,267448,1,0
4611,245358,0,0
4612,260148,0,0
4613,267239,0,0
4614,214621,0,0
4616,277403,0,0
4618,154943,0,0
4620,316652,0,0
4622,221643,0,0
4624,269011,0,0
4625,97953,1,0
4626,353552,0,0
4629,64837,0,0
4630,325575,0,0
4633,36032,0,0
4634,27041,0,0
4635,297546,0,0
4639,250871,1,0
4640,223723,0,0
4645,362499,0,0
4649,62721,0,0
4651,56185,0,0
4653,45249,0,0
4654,59928,0,0
4655,245302,0,0
4657,67750,1,0
4658,157440,1,0
4661,284152,0,0
4664,338550,0,0
4667,29397,0,0
4670,291587,0,0
4672,291073,0,0
4674,266497,0,0
4676,165836,0,0
4681,50628,1,0
4682,12000,0,0
4683,264269,0,0
4685,239219,1,0
4687,172726,0,0
4691,169689,0,0
4692,97007,0,0
4695,366842,0,0
4697,322103,0,0
4700,29737,0,0
4701,31882,1,0
4702,270225,0,0
4703,181569,0,0
4705,97913,0,0
4709,98253,0,0
4710,210627,0,0
4711,155769,0,0
4713,318826,0,0
4715,373592,1,0
4716,357764,0,0
4717,313140,0,0
4718,354167,1,0
4719,38426,1,0
4721,242927,0,0
4722,80702,0,0
4723,198922,0,0
4724,66371,0,0
4725,371427,0,0
4729,318205,1,0
4730,20847,0,0
4732,255614,0,0
4733,236660,0,0
4734,358693,0,0
4735,247947,1,0
4736,107434,0,0
4737,244462,0,0
4741,141915,0,0
4742,190774,1,0
4744,237639,1,0
4745,114241,0,0
4746,80727,0,0
4748,229576,1,0
4750,296269,0,0
4751,337338,1,0
4752,369339,1,0
4754,163245,0,0
4757,94015,0,0
4759,368397,0,0
4760,347653,0,0
4761,123760,0,0
4762,103805,0,0
4766,14443,0,0
4767,281077,0,0
4769,97195,0,0
4770,22866,0,0
4776,248868,0,0
4779,205061,0,0
4782,317451,0,0
4784,358082,0,0
4786,7458,0,0
4792,203719,1,0
4793,177587,1,0
4795,267860,0,0
4796,2083,1,0
4801,338164,0,0
4803,247919,0,0
4806,190391,0,0
4809,133336,0,0
4811,102847,1,0
4814,146375,0,0
4815,216428,0,0
4816,353894,0,0
4821,6477,1,0
4823,122743,0,0
4825,58091,0,0
4826,217449,0,0
4827,79544,0,0
4828,295024,1,0
4830,72225,0,0
4832,164483,0,0
4836,192077,1,0
4838,174303,0,0
4840,52279,1,0
4844,64941,0,0
4846,332087,0,0
4847,85360,0,0
4848,147000,0,0
4853,273473,0,0
4854,159051,0,0
4860,358713,0,0
4862,136619,0,0
4864,92609,0,0
4866,315120,0,0
4869,207959,0,0
4871,344069,0,0
4877,368654,0,0
4878,221645,0,0
4883,253125,0,0
4884,237129,1,0
4885,63885,0,0
4887,257053,1,0
4888,291055,1,0
4889,55290,0,0
4890,149471,1,0
4897,223015,0,0
4898,274945,0,0
4900,124792,0,0
4903,91516,0,0
4904,114924,0,0
4908,69352,0,0
4910,291751,0,0
4911,99330,1,0
4913,24922,0,0
4916,186032,0,0
4922,71870,0,0
4924,315671,1,0
4926,30822,0,0
4932,239860,0,0
4934,74488,1,0
4935,301143,0,0
4936,161920,0,0
4937,213229,1,0
4941,305191,0,0
4947,77904,1,0
4952,42555,0,0
4953,259257,0,0
4955,346548,0,0
4956,59667,0,0
4957,108643,1,0
4962,250927,0,0
4963,152681,1,0
4968,98502,0,0
4970,12843,0,0
4971,200767,0,0
4973,286457,0,0
4978,235460,1,0
4979,152887,0,0
4980,71721,0,0
4985,177314,0,0
4988,12784,0,0
4989,327058,1,0
4991,349912,0,0
4993,339807,0,0
5000,53885,0,0
5004,365498,0,0
5005,75369,0,0
5006,306967,0,0
5007,325633,0,0
5008,81687,0,0
5010,223082,0,0
5011,38636,0,0
5013,184528,0,0
5016,154207,0,0
5021,180974,0,0
5022,215089,0,0
5027,249600,0,0
5029,191874,0,0
5032,357006,0,0
5034,306786,0,0
5036,218771,0,0
5037,14210,0,0
5038,91821,0,0
5039,288232,0,0
5041,99516,0,0
5042,33444,0,0
5043,237252,0,0
5045,278909,0,0
5046,62270,0,0
5050,130868,0,0
5056,307092,1,0
5058,190897,0,0
5059,177394,0,0
5060,60549,0,0
5064,126890,0,0
5066,185127,0,0
5070,246823,0,0
5071,178335,0,0
5074,343447,1,0
5076,224409,0,0
5077,117598,0,0
5080,252131,1,0
5082,82675,0,0
5085,370155,0,0
5086,357654,0,0
5088,276260,0,0
5090,234024,0,0
5091,29629,0,0
5093,198331,0,0
5095,318369,0,0
5096,275142,0,0
5097,339743,0,0
5098,340841,1,0
5099,349295,0,0
5100,357922,1,0
5101,151446,0,0
5104,45640,0,0
5105,140152,0,0
5108,291494,1,0
5109,26912,0,0
5111,138488,0,0
5112,161498,0,0
5113,251909,0,0
5114,154700,0,0
5117,159044,0,0
5118,3045,0,0
5120,173638,1,0
5121,13274,0,0
5122,259881,0,0
5123,95490,1,0
5125,288517,0,0
5126,210331,1,0
5127,145511,0,0
5128,67373,1,0
5130,94831,0,0
5135,32129,0,0
5136,13389,0,0
5137,153657,0,0
5139,93877,0,0
5140,301324,0,0
5141,233040,0,0
5144,66045,0,0
5145,181934,1,0
5146,348059,0,0
5147,4796,1,0
5148,63176,0,0
5150,33621,1,0
5151,44664,0,0
5152,189417,1,0
5153,197242,0,0
5154,269391,0,0
5156,163235,0,0
5157,294500,0,0
5161,339486,0,0
5162,221568,0,0
5167,92039,0,0
5168,276883,1,0
5174,103021,0,0
5175,176505,0,0
5176,13428,0,0
5178,336492,0,0
5179,121599,1,0
5181,283323,0,0
5184,188671,1,0
5186,367018,0,0
5187,258575,0,0
5189,3052,0,0
5192,127554,0,0
5193,260242,0,0
5194,147889,1,0
5195,190347,0,0
5197,342578,0,0
5199,358462,0,0
5201,151008,1,0
5204,111876,0,0
5205,294921,0,0
5207,353132,1,0
5208,94314,0,0
5211,69535,0,0
5212,195532,0,0
5216,140727,0,0
5217,103387,0,0
5218,182692,0,0
5219,246483,1,0
5221,260051,1,0
5224,237748,1,0
5225,315090,0,0
5226,12384,0,0
5227,305063,0,0
5228,124344,0,0
5230,337756,0,0
5231,128457,0,0
5232,63356,0,0
5234,181824,0,0
5236,118395,0,0
5237,83485,0,0
5238,253029,0,0
5241,157846,0,0
5242,209190,1,0
5243,242848,0,0
5244,351730,1,0
5246,251739,1,0
5247,52356,0,0
5250,247901,0,0
5251,357992,1,0
5252,286990,0,0
5255,264779,0,0
5257,340930,0,0
5258,735,0,0
5261,256251,0,0
5262,206719,0,0
5263,93381,0,0
5265,204976,1,0
5266,66861,0,0
5267,220137,0,0
5268,174162,0,0
5270,237498,0,0
5271,233906,0,0
5273,121437,0,0
5274,39552,1,0
5275,115728,0,0
5277,27008,0,0
5278,296721,0,0
5280,27315,0,0
5281,148799,0,0
5282,333573,0,0
5284,177150,0,0
5285,47063,0,0
5288,369679,0,0
5291,21664,0,0
5292,64230,0,0
5293,58334,0,0
5296,303140,0,0
5298,142962,0,0
5299,185890,1,0
5300,279844,1,0
5301,280790,1,0
5303,25181,0,0
5307,117297,1,0
5308,280404,0,0
5314,159536,0,0
5315,77557,0,0
5317,271590,0,0
5318,363028,0,0
5320,14830,0,0
5321,141035,0,0
5324,4524,0,0
5328,27035,0,0
5329,322169,0,0
5332,83313,1,0
5337,190732,0,0
5338,251535,0,0
5339,198963,0,0
5340,125611,0,0
5341,225887,1,0
5342,318931,0,0
5344,21076,0,0
5345,73512,0,0
5348,363228,0,0
5352,111491,1,0
5354,20359,1,0
5355,219014,0,0
5357,324101,0,0
5361,261613,0,0
5363,98238,1,0
5364,207359,0,0
5367,21270,1,0
5368,175959,0,0
5369,124683,0,0
5371,7884,0,0
5372,122402,1,0
5373,238245,0,0
5376,7062,0,0
5378,93005,0,0
5380,196562,0,0
5381,215615,0,0
5384,14825,1,0
5385,158940,0,0
5386,13893,0,0
5387,369347,0,0
5391,291505,0,0
5392,260237,0,0
5393,165535,0,0
5397,16401,0,0
5403,368400,0,0
5405,355604,0,0
5408,187356,0,0
5409,38251,0,0
5415,103759,0,0
5417,188783,0,0
5418,200602,0,0
5420,223943,0,0
5421,256537,0,0
5422,216889,0,0
5423,339571,1,0
5426,311196,1,0
5427,165683,0,0
5428,268659,1,0
5429,339052,0,0
5430,16396,0,0
5431,225533,1,0
5434,2917,0,0
5436,192657,0,0
5437,134059,0,0
5439,160677,1,0
5442,160653,0,0
5443,76504,1,0
5445,94657,1,0
5446,136386,0,0
5447,343872,0,0
5448,135321,0,0
5449,325978,0,0
5450,112310,0,0
5452,347837,0,0
5458,191710,1,0
5459,305856,1,0
5460,262419,0,0
5465,5067,0,0
5467,329988,0,0
5468,140195,1,0
5473,285812,1,0
5475,20875,1,0
5476,48858,0,0
5477,243432,0,0
5481,3923,0,0
5482,39993,0,0
5483,90706,1,0
5486,250737,0,0
5489,139096,0,0
5490,190022,0,0
5491,212314,1,0
5492,330901,0,0
5496,235020,0,0
5498,266964,0,0
5499,93498,0,0
5502,113633,0,0
5505,321945,1,0
5506,214172,0,0
5507,363719,0,0
5508,149370,0,0
5512,102878,0,0
5513,133680,0,0
5519,142795,0,0
5520,310820,0,0
5521,22195,1,0
5525,146613,0,0
5526,161748,0,0
5527,322290,1,0
5528,366788,1,0
5530,193712,0,0
5531,136334,0,0
5534,172698,0,0
5537,105307,1,0
5540,61893,1,0
5543,360265,1,0
5546,304554,1,0
5547,356988,1,0
5548,360938,1,0
5549,311334,0,0
5550,42743,0,0
5554,190393,0,0
5555,46427,0,0
5558,365141,1,0
5560,79325,0,0
5561,134026,0,0
5562,60105,0,0
5564,145282,0,0
5566,112726,0,0
5569,160477,0,0
5571,221595,0,0
5573,202742,0,0
5574,138313,1,0
5576,89739,0,0
5580,261297,0,0
5581,99793,1,0
5582,87052,0,0
5583,34876,0,0
5584,200805,0,0
5585,106724,1,0
5586,293860,1,0
5587,250707,1,0
5589,87647,0,0
5592,133463,0,0
5597,282604,0,0
5601,38836,1,0
5602,32381,1,0
5604,147341,0,0
5605,57484,0,0
5606,339250,0,0
5609,202434,0,0
5613,268953,0,0
5617,173079,0,0
5618,106839,1,0
5619,81359,0,0
5621,144279,0,0
5622,131587,0,0
5623,204816,0,0
5624,62201,1,0
5627,365619,1,0
5628,38300,1,0
5631,311403,0,0
5633,307423,0,0
5634,82287,0,0
5641,90373,0,0
5643,279774,1,0
5646,171087,1,0
5647,269107,0,0
5648,67105,0,0
5650,126220,0,0
5656,185005,0,0
5657,287188,0,0
5659,260886,1,0
5660,10037,0,0
5661,231825,0,0
5662,365162,0,0
5665,223174,1,0
5666,340928,0,0
5667,256672,0,0
5669,286096,0,0
5670,157495,0,0
5671,371086,0,0
5674,58293,0,0
5675,90785,1,0
5676,20641,0,0
5682,196361,0,0
5684,4484,0,0
5685,158686,0,0
5686,10819,0,0
5691,119700,1,0
5693,280345,0,0
5698,47034,0,0
5700,35735,0,0
5701,350714,0,0
5702,307857,1,0
5703,59245,1,0
5704,58048,0,0
5708,120708,1,0
5710,83884,0,0
5711,260405,0,0
5712,211648,0,0
5714,180914,0,0
5719,310208,1,0
5721,331140,0,0
5722,94935,0,0
5724,38802,0,0
5728,274523,0,0
5729,256934,0,0
5733,163773,1,0
5734,166357,1,0
5738,270111,0,0
5740,354613,0,0
5742,162347,0,0
5743,94334,0,0
5744,71113,1,0
5747,48220,0,0
5748,152722,0,0
5750,209647,0,0
5751,254014,0,0
5752,137326,0,0
5754,303801,0,0
5758,310914,1,0
5759,171833,1,0
5761,224644,0,0
5763,237527,0,0
5764,41979,1,0
5768,85472,1,0
5778,199813,0,0
5783,208646,1,0
5788,319825,0,0
5792,201086,1,0
5794,125226,0,0
5796,69027,1,0
5797,310165,1,0
5798,135104,0,0
5800,335726,1,0
5803,346437,0,0
5804,87526,0,0
5805,323293,0,0
5811,65522,0,0
5812,205913,0,0
5815,183236,0,0
5816,144649,0,0
5817,77574,0,0
5822,47131,0,0
5825,201122,1,0
5826,313696,1,0
5828,313261,0,0
5829,119773,1,0
5830,52712,0,0
5831,355603,0,0
5833,298227,0,0
5842,199071,0,0
5843,300691,0,0
5845,155515,0,0
5848,52434,0,0
5849,354270,0,0
5851,44184,0,0
5855,130911,1,0
5856,209989,0,0
5859,318801,0,0
5865,59537,1,0
5867,279732,0,0
5868,80043,0,0
5870,242110,0,0
5872,42597,0,0
5873,285672,0,0
5874,217219,0,0
5875,325256,1,0
5876,216544,0,0
5878,127430,0,0
5879,334312,0,0
5883,363813,0,0
5889,346565,0,0
5891,342507,1,0
5893,200453,0,0
5895,196704,0,0
5899,360624,0,0
5903,156608,0,0
5904,123120,0,0
5905,284707,0,0
5908,207397,0,0
5912,321764,1,0
5915,37500,1,0
5917,97905,0,0
5918,87492,0,0
5925,12003,0,0
5926,52280,0,0
5927,9354,0,0
5928,148772,0,0
5929,172260,1,0
5931,28896,0,0
5932,198850,0,0
5934,106379,0,0
5935,120183,0,0
5939,130674,0,0
5947,5415,1,0
5949,303109,0,0
5951,180180,0,0
5952,34220,1,0
5956,170104,1,0
5957,255922,0,0
5961,53636,1,0
5962,310237,0,0
5963,203351,0,0
5966,183071,0,0
5967,271521,0,0
5968,228227,1,0
5971,116271,0,0
5974,79999,0,0
5975,85880,0,0
5980,322109,0,0
5985,83896,0,0
5986,312177,0,0
5988,193044,0,0
5989,101847,1,0
5990,207772,0,0
5992,280321,0,0
5993,259648,0,0
5994,165084,0,0
5999,344437,0,0
6000,86847,0,0
6001,262740,0,0
6003,336401,0,0
6004,240762,0,0
6008,230554,0,0
6010,204678,0,0
6011,359851,1,0
6012,230516,0,0
6014,342428,1,0
6015,311837,0,0
6016,192669,1,0
6018,271321,1,0
6019,25323,0,0
6020,21336,0,0
6021,114279,0,0
6022,253312,0,0
6023,121083,1,0
6024,326348,0,0
6027,145705,0,0
6028,258668,0,0
6029,91773,0,0
6030,201649,0,0
6031,166857,0,0
6032,74751,1,0
6035,198859,0,0
6037,3228,1,0
6038,17496,0,0
6039,77998,0,0
6043,178658,1,0
6045,14435,0,0
6046,49771,0,0
6047,69322,0,0
6048,211210,0,0
6050,278148,1,0
6051,48189,1,0
6053,50307,0,0
6055,276889,1,0
6056,348225,1,0
6057,192595,0,0
6058,156112,0,0
6059,256860,0,0
6061,197134,1,0
6062,34264,0,0
6064,295304,1,0
6065,341395,0,0
6070,246002,0,0
6074,325016,0,0
6075,333842,0,0
6076,223819,0,0
6079,111848,1,0
6081,370011,0,0
6082,106431,1,0
6084,118786,0,0
6087,19122,1,0
6088,319063,0,0
6089,272988,1,0
6090,36572,0,0
6095,338261,0,0
6096,69865,0,0
6097,47208,0,0
6098,77947,0,0
6100,294833,0,0
6101,71102,0,0
6102,64916,1,0
6104,200745,0,0
6105,85725,1,0
6109,340071,1,0
6110,245103,0,0
6113,55854,0,0
6115,124044,1,0
6116,46947,0,0
6117,370716,0,0
6119,104633,0,0
6120,31385,0,0
6121,368296,0,0
6122,94082,1,0
6123,348383,0,0
6125,355306,0,0
6126,362102,0,0
6130,228411,1,0
6134,189775,0,0
6135,362298,0,0
6136,335939,0,0
6137,223358,0,0
6138,318511,0,0
6139,265382,1,0
6140,175479,0,0
6141,352707,0,0
6144,5244,0,0
6145,35498,0,0
6146,166082,0,0
6147,100144,1,0
6149,341955,1,0
6151,175058,0,0
6154,84468,0,0
6155,110849,0,0
6159,154040,0,0
6160,157639,1,0
6161,259163,0,0
6164,47690,0,0
6165,11602,0,0
6167,316134,0,0
6168,138798,1,0
6169,307056,0,0
6173,133403,0,0
6177,13909,0,0
6178,26904,0,0
6181,216171,0,0
6184,255352,0,0
6185,110936,0,0
6187,247553,0,0
6188,304998,0,0
6193,355688,0,0
6195,109748,1,0
6198,357407,1,0
6199,16138,0,0
6201,72616,0,0
6204,53720,1,0
6206,116289,0,0
6209,130066,1,0
6211,348238,0,0
6212,298328,0,0
6215,179495,1,0
6219,132141,0,0
6220,135668,0,0
6221,112164,0,0
6223,134001,0,0
6224,295649,1,0
6225,54887,0,0
6226,368013,1,0
6229,287977,0,0
6230,84725,0,0
6232,114108,0,0
6235,299451,0,0
6238,101938,0,0
6239,292185,0,0
6243,210745,1,0
6245,148033,0,0
6246,269415,0,0
6247,314317,1,0
6248,219352,0,0
6249,348632,0,0
6250,121621,0,0
6252,147878,0,0
6265,342705,0,0
6266,198528,0,0
6268,371644,0,0
6272,222699,1,0
6277,169731,1,0
6278,289716,0,0
6279,346832,0,0
6283,263105,0,0
6285,7698,1,0
6288,204701,0,0
6294,360018,0,0
6298,199099,0,0
6300,276584,0,0
6304,144981,0,0
6305,145890,0,0
6309,173164,0,0
6310,134397,1,0
6311,60444,0,0
6312,172321,1,0
6313,266017,0,0
6314,253377,0,0
6317,79715,0,0
6318,60773,0,0
6319,371269,0,0
6324,337705,0,0
6326,177730,0,0
6328,285321,0,0
6330,144866,0,0
6333,187199,0,0
6334,156099,1,0
6340,278901,1,0
6342,32195,0,0
6343,138960,0,0
6346,160098,0,0
6349,257144,0,0
6351,229828,1,0
6353,337392,0,0
6354,226081,0,0
6356,64023,0,0
6362,137305,1,0
6364,249579,1,0
6365,257684,0,0
6366,331845,0,0
6367,11698,0,0
6368,160241,0,0
6371,83193,0,0
6372,144632,0,0
6374,160663,0,0
6375,19394,0,0
6377,354765,1,0
6378,357317,0,0
6382,265635,0,0
6384,132108,0,0
6388,185453,0,0
6390,65322,0,0
6393,213772,0,0
6394,83124,0,0
6395,193895,1,0
6396,366494,0,0
6397,318193,1,0
6399,179462,0,0
6406,237541,0,0
6411,22718,1,0
6412,275252,0,0
6414,303971,0,0
6421,278389,0,0
6422,104314,1,0
6423,255012,1,0
6425,245701,0,0
6427,345411,0,0
6428,115169,0,0
6429,76159,1,0
6430,48707,0,0
6435,294149,0,0
6437,210070,1,0
6438,60015,0,0
6440,90836,0,0
6441,72783,0,0
6442,170820,1,0
6451,70947,0,0
6453,143130,1,0
6459,244669,0,0
6460,244681,1,0
6461,92976,1,0
6462,239371,0,0
6465,2516,0,0
6466,358584,0,0
6468,344963,0,0
6469,65394,0,0
6471,215461,0,0
6474,339471,1,0
6475,297093,0,0
6476,92805,1,0
6479,292342,0,0
6480,16824,0,0
6483,100032,0,0
6484,127424,0,0
6486,258638,0,0
6487,45125,1,0
6489,316955,1,0
6490,198553,1,0
6494,219947,0,0
6497,264992,0,0
6498,183331,0,0
6505,228506,0,0
6507,213276,1,0
6509,18213,0,0
6510,361007,0,0
6514,182695,0,0
6516,249060,0,0
6518,184281,0,0
6520,72620,0,0
6524,112196,0,0
6525,21612,0,0
6527,185599,1,0
6528,370448,1,0
6529,92905,0,0
6534,209686,0,0
6536,268419,0,0
6537,114731,0,0
6538,204456,0,0
6543,195734,0,0
6544,242194,0,0
6545,25078,0,0
6546,43960,0,0
6547,204677,0,0
6548,184643,1,0
6550,1649,1,0
6557,306520,0,0
6559,292507,0,0
6560,220659,0,0
6561,18456,0,0
6564,196201,0,0
6567,77454,0,0
6569,210280,0,0
6571,339773,0,0
6573,22433,1,0
6574,4841,1,0
6577,356401,0,0
6578,161835,0,0
6579,69975,0,0
6580,112753,1,0
6582,149788,1,0
6584,361278,0,0
6585,287735,0,0
6588,296503,0,0
6591,76492,1,0
6592,54956,0,0
6593,173971,0,0
6596,125537,0,0
6597,296390,0,0
6598,37892,0,0
6600,94043,1,0
6606,230263,0,0
6613,335702,0,0
6614,96565,0,0
6615,44457,0,0
6616,75340,0,0
6617,122475,0,0
6619,361336,0,0
6620,16433,0,0
6622,198573,0,0
6623,74673,0,0
6625,262540,1,0
6628,251127,1,0
6629,341989,0,0
6630,78368,0,0
6631,343766,0,0
6632,143133,1,0
6633,211344,0,0
6634,164307,0,0
6635,78740,0,0
6636,343742,1,0
6637,319292,0,0
6644,359143,0,0
6646,29596,0,0
6648,367979,0,0
6649,15497,0,0
6650,66419,0,0
6652,98394,1,0
6653,158309,0,0
6654,58121,0,0
6656,330523,0,0
6660,231248,0,0
6662,15845,0,0
6667,31164,0,0
6669,200372,0,0
6671,214470,0,0
6673,160271,0,0
6674,352139,0,0
6675,124220,0,0
6677,74385,0,0
6679,238887,1,0
6681,283820,0,0
6686,71448,0,0
6688,366208,0,0
6693,327849,0,0
6696,74999,0,0
6698,236035,0,0
6699,128127,0,0
6701,39359,0,0
6703,316001,0,0
6704,371841,0,0
6707,180189,0,0
6708,202535,0,0
6709,74542,0,0
6710,133521,0,0
6711,322958,1,0
6712,151370,1,0
6713,281139,0,0
6714,332353,0,0
6715,244385,0,0
6716,73100,0,0
6717,120265,0,0
6718,340823,0,0
6719,176489,0,0
6721,122944,0,0
6722,153628,0,0
6732,178401,0,0
6734,115863,0,0
6736,354735,1,0
6737,329516,0,0
6738,161642,0,0
6739,370612,0,0
6740,167020,0,0
6741,42439,0,0
6742,27619,1,0
6743,38805,0,0
6745,330218,0,0
6746,190926,1,0
6748,347521,0,0
6750,304024,0,0
6751,183815,1,0
6752,182178,0,0
6753,114432,0,0
6754,143671,0,0
6756,149195,0,0
6759,358873,1,0
6761,208073,0,0
6762,35348,0,0
6765,36647,0,0
6766,306628,1,0
6768,240329,0,0
6769,360652,0,0
6771,320471,0,0
6773,142930,0,0
6774,69756,0,0
6776,5807,0,0
6777,34297,1,0
6778,78781,1,0
6780,9942,0,0
6781,280440,0,0
6782,129874,0,0
6787,304349,0,0
6790,159010,1,0
6797,359783,1,0
6799,32997,0,0
6800,168089,0,0
6804,12164,0,0
6805,167748,0,0
6806,197618,0,0
6808,128125,0,0
6809,96956,1,0
6810,123947,1,0
6814,53035,0,0
6817,178493,0,0
6819,152083,0,0
6820,70054,1,0
6821,253426,0,0
6823,63762,0,0
6824,22386,1,0
6825,366906,0,0
6826,297080,0,0
6831,51053,0,0
6833,296750,0,0
6838,79305,0,0
6841,87574,0,0
6844,279329,1,0
6845,32561,0,0
6847,142440,1,0
6849,12190,0,0
6850,371447,0,0
6851,14974,0,0
6852,114536,1,0
6855,49198,0,0
6856,159602,0,0
6858,334205,0,0
6859,307627,0,0
6863,315116,0,0
6864,284274,0,0
6865,150833,1,0
6866,325888,0,0
6867,216345,1,0
6871,65611,0,0
6872,114117,0,0
6873,95889,0,0
6875,101736,0,0
6876,250654,0,0
6878,228938,1,0
6879,313573,0,0
6881,367418,1,0
6882,103536,0,0
6884,245957,0,0
6888,67954,0,0
6890,356963,0,0
6891,296537,0,0
6892,62431,1,0
6893,164569,0,0
6896,9919,0,0
6897,67374,1,0
6901,36338,0,0
6903,219112,0,0
6904,127687,0,0
6905,293685,0,0
6906,9440,0,0
6907,285716,1,0
6908,236410,0,0
6909,163378,0,0
6914,214366,0,0
6916,56421,1,0
6917,98566,1,0
6918,125553,1,0
6922,84743,0,0
6925,125591,0,0
6926,371749,0,0
6934,157837,0,0
6937,261047,0,0
6938,107168,0,0
6940,249161,0,0
6941,77908,0,0
6942,15354,0,0
6943,260475,0,0
6946,219658,0,0
6948,268713,0,0
6950,110718,0,0
6951,234380,0,0
6952,318063,0,0
6953,246866,0,0
6957,18488,0,0
6958,117653,0,0
6959,217843,0,0
6960,205781,0,0
6962,109222,0,0
6963,7854,0,0
6966,262325,0,0
6967,18393,1,0
6968,187404,0,0
6970,154772,1,0
6971,113441,1,0
6973,162146,0,0
6974,216599,0,0
6976,894,0,0
6977,226284,0,0
6978,54254,1,0
6979,275739,0,0
6981,137520,0,0
6982,82503,0,0
6983,158727,0,0
6984,342983,0,0
6985,361392,0,0
6990,213627,0,0
6995,3339,0,0
6996,360797,0,0
6997,45923,0,0
7000,325979,0,0
7001,52373,0,0
7002,143871,0,0
7004,252196,1,0
7005,171890,0,0
7006,355028,0,0
7007,213464,0,0
7008,150849,0,0
7009,339070,0,0
7010,191397,0,0
7011,7139,1,0
7015,199845,0,0
7020,211879,1,0
7022,173832,0,0
7025,298718,0,0
7027,17263,0,0
7030,81287,0,0
7031,229500,0,0
7034,294895,1,0
7036,11777,0,0
7037,155782,0,0
7038,108321,0,0
7040,305452,0,0
7042,69882,0,0
7043,113368,0,0
7045,111475,1,0
7048,183737,0,0
7049,279801,0,0
7050,285967,0,0
7052,174571,0,0
7054,54643,1,0
7055,327472,0,0
7056,355925,1,0
7058,36303,1,0
7065,143148,1,0
7069,57877,0,0
7071,263669,0,0
7074,120446,0,0
7076,57175,0,0
7078,329381,0,0
7079,372502,0,0
7082,129912,0,0
7083,332533,0,0
7085,258186,0,0
7089,44972,0,0
7090,303797,0,0
7092,96918,0,0
7093,319319,0,0
7095,234970,0,0
7096,318327,1,0
7097,198137,0,0
7098,172164,1,0
7099,150048,0,0
7101,360630,0,0
7102,113112,0,0
7105,89093,0,0
7106,62365,0,0
7108,86254,0,0
7110,47704,0,0
7111,309069,0,0
7112,186014,0,0
7114,357809,0,0
7115,56339,0,0
7118,240134,0,0
7119,97777,0,0
7122,208354,0,0
7125,98915,0,0
7126,289649,1,0
7127,260329,0,0
7129,313441,0,0
7130,72510,0,0
7131,297970,0,0
7132,316338,1,0
7133,301492,0,0
7135,336569,1,0
7137,163067,0,0
7139,77818,1,0
7142,275992,0,0
7144,103244,0,0
7147,274833,0,0
7148,81015,0,0
7153,261351,0,0
7156,254415,0,0
7157,146705,0,0
7158,281625,0,0
7159,9690,0,0
7160,118424,0,0
7161,7990,0,0
7162,249503,0,0
7165,174576,0,0
7169,280056,0,0
7171,316727,0,0
7172,28236,0,0
7173,168898,0,0
7174,129110,1,0
7175,368549,0,0
7176,49291,1,0
7178,251292,1,0
7179,171010,0,0
7180,55373,0,0
7182,71958,1,0
7184,49781,0,0
7185,35667,1,0
7186,222589,0,0
7187,168397,0,0
7188,371583,0,0
7190,344785,1,0
7191,285276,0,0
7195,331707,0,0
7197,321145,0,0
7198,81058,1,0
7199,297336,1,0
7201,87994,0,0
7202,231095,0,0
7203,207966,0,0
7205,130878,0,0
7206,88488,1,0
7207,32175,0,0
7212,351671,0,0
7213,141640,0,0
7214,121849,0,0
7215,315367,0,0
7216,300278,1,0
7217,306513,0,0
7218,33911,1,0
7220,165492,0,0
7221,351852,0,0
7223,117343,0,0
7226,262628,1,0
7231,20455,1,0
7233,262732,0,0
7236,65901,1,0
7238,147702,0,0
7240,103274,1,0
7241,262986,1,0
7246,310011,0,0
7250,196473,0,0
7251,325852,1,0
7252,204086,0,0
7253,297297,0,0
7255,72255,0,0
7257,112555,0,0
7258,182373,0,0
7260,111630,1,0
7262,204156,0,0
7265,361374,0,0
7267,370899,0,0
7269,86191,0,0
7270,231201,1,0
7271,48222,0,0
7273,46469,1,0
7281,110762,0,0
7284,141364,0,0
7287,88148,0,0
7288,29489,0,0
7289,74502,0,0
7290,265351,0,0
7292,248379,0,0
7293,199215,0,0
7294,168254,1,0
7298,238023,0,0
7299,160986,0,0
7300,88904,0,0
7303,2707,0,0
7308,69650,0,0
7309,104081,0,0
7312,205793,0,0
7313,196298,0,0
7315,112445,0,0
7316,86482,0,0
7317,236513,0,0
7318,226240,1,0
7319,44903,0,0
7320,76466,0,0
7324,27174,0,0
7327,234405,0,0
7331,138896,0,0
7332,264463,1,0
7336,181112,0,0
7337,245112,0,0
7338,28541,0,0
7340,211979,0,0
7345,161022,0,0
7346,172393,0,0
7348,353834,1,0
7350,286867,0,0
7351,355694,0,0
7357,250642,0,0
7359,243688,0,0
7363,183903,1,0
7364,261753,0,0
7369,272200,1,0
7370,67028,0,0
7373,49649,1,0
7374,340440,0,0
7375,208274,0,0
7376,74044,0,0
7378,86943,0,0
7382,317075,1,0
7385,241998,0,0
7386,17754,0,0
7389,119465,1,0
7390,297562,0,0
7392,152912,0,0
7393,86156,1,0
7396,278750,0,0
7397,359608,0,0
7399,341601,1,0
7400,197508,0,0
7401,141594,0,0
7407,363760,0,0
7408,225693,0,0
7409,87803,0,0
7410,75537,0,0
7414,270495,0,0
7415,286530,0,0
7416,132684,0,0
7421,138968,0,0
7422,53319,0,0
7424,242625,0,0
7425,351009,0,0
7428,303606,0,0
7430,5453,0,0
7431,32386,0,0
7432,339610,0,0
7436,223220,0,0
7438,339828,0,0
7442,63650,1,0
7445,21243,1,0
7446,127357,0,0
7447,251825,0,0
7448,295313,0,0
7449,99833,0,0
7452,362377,0,0
7453,96542,0,0
7456,83378,0,0
7457,88183,0,0
7458,41471,0,0
7460,256347,0,0
7464,177592,0,0
7465,56536,0,0
7469,110862,0,0
7472,2006,1,0
7474,94231,1,0
7476,370516,0,0
7478,88310,1,0
7479,136089,0,0
7480,277372,0,0
7481,263416,0,0
7483,63421,0,0
7484,134389,0,0
7487,42510,0,0
7493,253649,0,0
7495,292820,0,0
7496,341271,0,0
7498,207136,0,0
7500,201722,1,0
7501,187534,0,0
7502,271798,0,0
7505,314256,1,0
7507,63447,0,0
7509,327550,0,0
7510,192780,0,0
7512,192382,0,0
7513,98590,0,0
7514,148008,0,0
7515,253851,0,0
7519,269507,1,0
7520,116508,1,0
7521,317247,0,0
7522,200113,0,0
7529,126334,0,0
7533,16355,0,0
7535,270903,0,0
7536,84236,0,0
7537,12997,1,0
7538,254099,1,0
7540,132356,1,0
7541,323291,0,0
7543,337193,1,0
7551,147080,0,0
7552,36424,1,0
7554,126563,1,0
7555,153281,0,0
7557,299712,0,0
7558,302867,0,0
7559,287605,0,0
7560,30444,1,0
7561,93934,0,0
7566,235246,1,0
7568,128757,0,0
7570,283181,0,0
7571,168603,0,0
7574,28174,0,0
7577,270455,0,0
7578,266464,0,0
7580,209041,0,0
7582,14124,0,0
7584,115223,0,0
7587,232142,1,0
7589,235349,1,0
7590,160231,0,0
7591,198004,1,0
7592,261603,0,0
7593,294974,0,0
7596,174451,0,0
7598,295954,1,0
7600,120869,0,0
7602,120671,1,0
7603,362786,0,0
7604,104560,0,0
7610,324034,0,0
7611,278218,0,0
7613,218014,1,0
7616,223191,1,0
7617,336572,0,0
7618,188268,0,0
7619,91920,0,0
7621,62536,0,0
7623,324468,0,0
7626,325955,0,0
7627,203039,1,0
7629,312542,0,0
7631,193475,0,0
7632,40691,0,0
7633,286668,0,0
7634,168629,0,0
7636,285656,0,0
7637,316931,0,0
7641,228347,0,0
7643,2068,1,0
7644,214943,0,0
7645,29513,0,0
7646,84940,1,0
7647,193336,0,0
7650,251740,1,0
7658,190227,0,0
7660,158741,1,0
7664,214657,1,0
7665,327663,1,0
7666,326299,0,0
7674,369625,0,0
7675,360892,0,0
7676,118694,1,0
7677,192137,0,0
7679,206680,1,0
7683,99132,1,0
7684,327925,0,0
7689,124308,1,0
7690,246974,0,0
7691,88365,1,0
7692,295236,0,0
7696,156793,0,0
7697,218851,0,0
7698,28004,0,0
7699,15085,1,0
7700,109387,0,0
7701,358804,0,0
7705,339149,0,0
7706,50731,0,0
7707,181528,0,0
7708,192368,0,0
7709,29641,0,0
7710,365221,0,0
7711,156222,0,0
7712,222701,1,0
7716,155583,1,0
7718,165247,0,0
7721,232497,1,0
7722,172299,0,0
7724,178019,0,0
7726,229663,0,0
7728,127729,0,0
7729,147705,1,0
7733,113036,0,0
7740,61632,0,0
7743,77620,0,0
7744,259470,1,0
7745,47282,1,0
7747,196250,0,0
7748,108547,1,0
7750,225368,0,0
7753,215302,0,0
7754,180812,0,0
7756,162457,0,0
7759,29686,1,0
7760,68698,0,0
7763,190354,0,0
7764,279609,1,0
7765,291700,0,0
7770,82156,0,0
7773,80871,0,0
7775,9450,0,0
7776,119118,0,0
7777,261543,0,0
7782,153354,1,0
7783,314850,0,0
7784,300631,1,0
7785,26564,0,0
7789,203543,0,0
7790,72728,0,0
7794,320019,0,0
7795,306284,0,0
7796,224815,0,0
7798,155601,0,0
7799,170316,0,0
7801,43947,0,0
7802,341920,0,0
7805,63141,0,0
7808,339945,1,0
7809,311081,0,0
7810,351958,0,0
7811,126046,0,0
7818,243148,0,0
7820,309746,0,0
7822,177125,0,0
7823,361939,1,0
7826,86603,0,0
7827,23335,0,0
7830,216141,0,0
7831,138774,0,0
7834,252574,1,0
7837,198195,1,0
7838,175753,1,0
7840,45698,0,0
7841,198636,0,0
7843,298788,0,0
7844,51259,0,0
7846,91464,0,0
7848,103550,0,0
7853,31702,0,0
7855,252625,0,0
7858,48978,0,0
7859,294914,0,0
7864,368911,0,0
7865,92296,0,0
7867,3886,0,0
7869,325846,0,0
7870,122119,0,0
7872,262679,0,0
7873,155151,0,0
7874,234872,0,0
7875,293230,0,0
7880,262109,0,0
7881,200932,0,0
7886,320435,0,0
7889,136293,0,0
7890,321181,0,0
7893,269080,0,0
7895,236134,0,0
7896,56150,0,0
7900,343052,0,0
7902,95912,0,0
7904,27097,0,0
7905,214001,1,0
7907,136271,0,0
7910,61571,0,0
7912,120442,1,0
7916,160605,0,0
7919,90394,0,0
7920,135211,0,0
7922,32244,0,0
7923,105574,0,0
7927,250651,0,0
7928,216483,0,0
7929,200696,0,0
7935,109403,1,0
7936,280377,0,0
7937,231057,0,0
7939,137135,0,0
7940,285454,0,0
7941,346146,1,0
7942,92419,1,0
7943,74466,1,0
7944,93888,0,0
7946,52663,0,0
7949,185279,0,0
7950,346607,0,0
7953,364284,0,0
7956,296385,0,0
7957,65017,0,0
7958,34636,1,0
7959,275160,0,0
7966,181523,1,0
7967,295637,0,0
7970,150876,0,0
7972,276550,0,0
7974,209122,0,0
7976,356043,0,0
7977,142981,1,0
7978,350153,0,0
7979,122735,0,0
7980,159316,0,0
7981,285413,0,0
7983,126243,0,0
7984,58148,0,0
7991,13525,0,0
7995,222216,0,0
7996,242604,1,0
7997,162619,0,0
7998,119576,1,0
7999,179538,0,0
8001,318280,1,0
8005,308226,0,0
8006,312432,1,0
8008,268863,0,0
8009,75020,0,0
8010,253926,0,0
8011,116643,0,0
8014,123855,0,0
8017,237150,0,0
8018,20660,0,0
8019,217276,0,0
8020,66117,0,0
8022,201588,0,0
8023,224692,0,0
8024,108197,0,0
8025,101151,0,0
8027,78088,0,0
8028,84302,0,0
8030,261268,0,0
8031,17587,0,0
8037,52779,1,0
8039,316154,0,0
8041,141891,1,0
8042,79472,0,0
8043,117302,1,0
8047,214206,0,0
8048,289219,0,0
8050,192927,0,0
8052,47562,0,0
8053,21592,0,0
8054,301204,1,0
8058,226748,1,0
8059,304340,1,0
8062,169459,0,0
8067,79407,0,0
8069,234349,1,0
8071,9198,0,0
8072,50930,0,0
8073,76262,0,0
8075,319491,0,0
8084,328957,0,0
8086,7532,1,0
8088,18848,1,0
8089,205970,1,0
8090,308275,1,0
8092,328122,0,0
8096,249595,0,0
8099,244788,0,0
8101,152168,0,0
8102,372597,1,0
8103,190883,0,0
8107,273085,0,0
8108,346463,1,0
8109,302823,0,0
8112,15154,1,0
8113,74139,0,0
8116,13135,0,0
8118,209036,0,0
8119,188343,0,0
8121,48904,0,0
8124,195615,0,0
8128,163938,0,0
8129,262710,0,0
8130,348812,1,0
8133,108899,0,0
8135,266601,0,0
8138,86570,0,0
8140,263629,0,0
8142,99737,0,0
8143,228550,1,0
8144,87453,1,0
8149,220838,0,0
8151,250710,0,0
8153,171910,0,0
8155,257243,0,0
8156,319767,0,0
8157,362325,0,0
8160,103024,0,0
8161,156272,1,0
8162,247548,1,0
8166,373529,0,0
8168,174426,0,0
8171,358626,0,0
8175,106123,0,0
8176,223278,1,0
8178,253922,0,0
8179,307660,1,0
8180,96347,0,0
8181,348184,0,0
8183,273857,0,0
8185,41754,0,0
8191,75902,0,0
8193,274740,0,0
8194,130004,1,0
8197,335866,0,0
8200,9040,1,0
8203,269224,0,0
8204,82681,0,0
8205,178527,0,0
8208,120301,0,0
8211,353065,0,0
8212,244796,0,0
8213,289041,0,0
8216,76374,0,0
8217,172087,0,0
8218,41838,0,0
8219,49201,0,0
8222,338631,0,0
8223,65564,0,0
8224,182002,0,0
8226,43647,0,0
8228,232458,0,0
8229,79241,0,0
8230,272225,0,0
8232,132827,0,0
8235,38439,0,0
8236,160462,0,0
8237,46841,1,0
8238,35367,0,0
8240,241299,0,0
8242,243467,0,0
8246,351780,0,0
8248,95066,0,0
8249,323038,0,0
8251,151231,0,0
8252,285163,0,0
8253,136828,0,0
8254,171240,0,0
8260,108328,0,0
8262,142358,0,0
8263,44460,1,0
8264,24006,0,0
8266,67911,0,0
8269,183750,0,0
8270,17435,0,0
8272,150295,0,0
8273,87303,1,0
8275,72773,0,0
8281,239462,1,0
8283,38530,0,0
8284,68366,1,0
8285,308796,1,0
8288,218616,0,0
8289,251028,1,0
8290,134222,0,0
8291,359291,1,0
8293,314477,0,0
8294,27169,0,0
8295,313279,1,0
8298,358980,1,0
8305,271081,1,0
8308,120490,1,0
8311,28076,1,0
8313,350470,1,0
8314,213972,0,0
8315,221978,1,0
8316,277697,0,0
8318,22611,1,0
8321,156219,0,0
8322,64508,0,0
8323,29512,1,0
8324,198472,1,0
8325,69785,0,0
8327,167330,1,0
8328,272715,1,0
8330,353142,0,0
8333,287895,0,0
8337,181322,1,0
8338,239972,1,0
8339,241209,0,0
8341,226812,0,0
8344,218981,0,0
8347,41189,0,0
8350,147004,0,0
8351,299303,0,0
8352,189213,0,0
8353,279372,0,0
8357,211841,1,0
8358,43969,0,0
8361,343874,0,0
8363,30134,0,0
8366,78323,0,0
8369,151360,0,0
8370,307730,1,0
8371,190975,0,0
8372,23777,0,0
8376,74583,0,0
8380,761,0,0
8381,124126,0,0
8382,23124,0,0
8384,371267,1,0
8385,311114,0,0
8386,337523,0,0
8387,324408,0,0
8389,103238,0,0
8390,76615,0,0
8392,215856,0,0
8393,107641,1,0
8394,168856,0,0
8395,284850,0,0
8402,8674,0,0
8403,33681,1,0
8404,269278,1,0
8405,156469,0,0
8408,242080,0,0
8411,17284,0,0
8414,279116,0,0
8415,135021,1,0
8416,309810,0,0
8417,242028,1,0
8418,70485,1,0
8419,20898,0,0
8421,174533,0,0
8422,223628,0,0
8425,113428,1,0
8430,149216,1,0
8431,29973,1,0
8434,208935,0,0
8435,164780,0,0
8439,111955,1,0
8443,297242,1,0
8444,321889,0,0
8446,225556,0,0
8447,26401,0,0
8450,156526,0,0
8451,198447,0,0
8453,292547,0,0
8454,239736,1,0
8457,96876,0,0
8459,130885,0,0
8460,189999,0,0
8461,346480,1,0
8464,370146,1,0
8465,48831,0,0
8471,26478,1,0
8476,130115,0,0
8481,104680,0,0
8482,177031,0,0
8484,252136,0,0
8486,48438,0,0
8489,19900,1,0
8492,12191,0,0
8493,367750,0,0
8495,319488,0,0
8500,277396,0,0
8506,215319,0,0
8507,346386,0,0
8508,184086,0,0
8510,3635,0,0
8512,317594,0,0
8513,277691,0,0
8514,123402,0,0
8516,372962,0,0
8517,193546,0,0
8518,224782,1,0
8519,21653,0,0
8520,263595,0,0
8521,183279,0,0
8522,249695,0,0
8523,228387,1,0
8524,123232,0,0
8526,308394,0,0
8528,282341,0,0
8529,103951,1,0
8530,179553,0,0
8535,235866,0,0
8536,239065,1,0
8539,168539,0,0
8540,118723,0,0
8544,14566,1,0
8551,176837,0,0
8552,228819,0,0
8555,343907,0,0
8556,273385,0,0
8563,264695,0,0
8567,279838,0,0
8569,205736,1,0
8572,293540,0,0
8579,236655,0,0
8580,103092,1,0
8582,75421,1,0
8595,222183,0,0
8596,287722,1,0
8598,61804,0,0
8599,163267,0,0
8600,95950,0,0
8603,19461,0,0
8606,14650,0,0
8607,279446,1,0
8608,162725,0,0
8614,136991,0,0
8615,361489,0,0
8616,153358,0,0
8617,163698,0,0
8619,340775,0,0
8620,242756,0,0
8621,243560,1,0
8624,54967,0,0
8627,63134,0,0
8629,353454,0,0
8630,278286,0,0
8631,345667,0,0
8634,137516,0,0
8636,7377,1,0
8637,26723,0,0
8639,204627,0,0
8641,93752,0,0
8642,182339,1,0
8644,189564,0,0
8645,277594,0,0
8653,118063,0,0
8654,199736,0,0
8656,188074,0,0
8659,55050,0,0
8662,340594,0,0
8664,175589,0,0
8666,254432,0,0
8667,213710,0,0
8668,107759,0,0
8671,215008,1,0
8673,79891,0,0
8674,151573,0,0
8676,229413,0,0
8677,112605,1,0
8679,111552,0,0
8683,154732,0,0
8685,336546,0,0
8686,136149,0,0
8689,274358,0,0
8690,86011,0,0
8694,341201,0,0
8696,281289,0,0
8700,315089,0,0
8701,179175,1,0
8702,363382,1,0
8704,303987,1,0
8706,60601,0,0
8707,328132,0,0
8708,47033,0,0
8709,250026,0,0
8713,314807,0,0
8715,15199,1,0
8716,103846,0,0
8717,7624,0,0
8720,62747,0,0
8724,135038,0,0
8725,118163,0,0
8728,74478,0,0
8730,287592,0,0
8733,148382,1,0
8734,169206,1,0
8737,245452,0,0
8741,13023,0,0
8742,178278,1,0
8744,334532,0,0
8748,341345,1,0
8750,169169,0,0
8753,48436,0,0
8754,334991,0,0
8755,14436,0,0
8758,19904,0,0
8759,270479,0,0
8761,337832,1,0
8764,199018,1,0
8765,174898,0,0
8768,366554,0,0
8769,352266,0,0
8771,295502,0,0
8775,296552,0,0
8776,216135,0,0
8783,84215,0,0
8785,186933,0,0
8787,29058,0,0
8788,338571,0,0
8791,145357,1,0
8793,54801,0,0
8797,325426,0,0
8799,210289,0,0
8800,165129,0,0
8801,82139,0,0
8802,274615,1,0
8803,119209,0,0
8805,194018,0,0
8806,99156,0,0
8807,267805,0,0
8808,134418,0,0
8809,217619,0,0
8810,33572,0,0
8812,168188,1,0
8813,142002,0,0
8816,353702,0,0
8818,185787,0,0
8820,197978,0,0
8821,355577,0,0
8822,271396,0,0
8824,253031,0,0
8826,292034,0,0
8828,62641,0,0
8830,205469,0,0
8833,54690,1,0
8834,40730,1,0
8835,107487,1,0
8838,100060,1,0
8841,183625,1,0
8842,306322,0,0
8845,342001,1,0
8846,262099,1,0
8848,330184,0,0
8850,162792,0,0
8851,56338,0,0
8854,146095,0,0
8856,341952,1,0
8857,206350,0,0
8859,63822,0,0
8860,320762,0,0
8862,60341,0,0
8866,360908,0,0
8867,148928,0,0
8868,340650,0,0
8869,349822,0,0
8871,103069,0,0
8872,292308,0,0
8873,170085,0,0
8874,334190,0,0
8879,46495,0,0
8880,30843,0,0
8881,156822,0,0
8882,325716,0,0
8883,108297,1,0
8885,76725,0,0
8888,22815,1,0
8895,345937,1,0
8899,116849,0,0
8900,85593,0,0
8903,189669,0,0
8906,213352,0,0
8908,48519,0,0
8909,313641,0,0
8910,46235,0,0
8913,39734,0,0
8914,313840,0,0
8916,3243,1,0
8918,39406,1,0
8919,86529,0,0
8920,87791,0,0
8921,123777,1,0
8922,53802,0,0
8930,22872,0,0
8932,30426,0,0
8933,193630,1,0
8935,230059,0,0
8936,12527,0,0
8940,191443,0,0
8943,217052,0,0
8944,40731,1,0
8946,35865,1,0
8949,191040,0,0
8950,98425,0,0
8951,42603,0,0
8952,312691,0,0
8953,252558,1,0
8954,12486,1,0
8957,36609,0,0
8958,67571,0,0
8959,89160,0,0
8960,198277,0,0
8961,124239,1,0
8962,276543,0,0
8964,323667,0,0
8968,156831,1,0
8969,95114,0,0
8970,25581,0,0
8972,228783,0,0
8973,356248,0,0
8974,264258,0,0
8976,40542,0,0
8980,64268,0,0
8981,202126,0,0
8984,262329,0,0
8988,80382,0,0
8989,173156,0,0
8990,57401,1,0
8992,109501,1,0
8993,114334,1,0
8996,70812,1,0
9001,352455,0,0
9002,340887,0,0
9003,345895,0,0
9004,103147,0,0
9005,111779,0,0
9008,315886,0,0
9009,39760,0,0
9014,252407,0,0
9016,226917,0,0
9018,185370,1,0
9021,96496,0,0
9023,225638,0,0
9024,46033,0,0
9025,185838,0,0
9027,102691,1,0
9028,279965,0,0
9029,104410,0,0
9030,276256,0,0
9032,316814,0,0
9035,224125,0,0
9037,249945,0,0
9039,350565,0,0
9040,34061,0,0
9041,308729,0,0
9043,331830,0,0
9045,147648,0,0
9048,232847,0,0
9049,275715,0,0
9050,319339,0,0
9051,96004,1,0
9052,84241,0,0
9056,344115,0,0
9057,277475,0,0
9058,364465,0,0
9060,238913,1,0
9067,219954,1,0
9069,310079,0,0
9072,174278,0,0
9077,117279,0,0
9079,248153,0,0
9082,372019,1,0
9085,247573,0,0
9089,189159,0,0
9090,106166,0,0
9092,208032,0,0
9094,112738,0,0
9102,119287,0,0
9103,320899,1,0
9105,141453,0,0
9109,257703,0,0
9111,95978,0,0
9112,365873,1,0
9115,357427,0,0
9116,372254,0,0
9121,288405,1,0
9122,266354,0,0
9123,52895,1,0
9124,218381,0,0
9126,227918,0,0
9127,142131,0,0
9128,236791,0,0
9130,370875,0,0
9131,181679,1,0
9133,191258,1,0
9134,217070,1,0
9137,220239,0,0
9138,317281,1,0
9139,312859,0,0
9141,105215,1,0
9148,131018,0,0
9149,3474,0,0
9150,313443,0,0
9153,18931,0,0
9154,135348,1,0
9157,200134,0,0
9159,202608,0,0
9160,307990,1,0
9161,312885,1,0
9162,2005,0,0
9163,110204,0,0
9164,167355,0,0
9165,143808,0,0
9167,81031,0,0
9171,127631,0,0
9173,98634,1,0
9175,21453,1,0
9176,112042,0,0
9178,282973,0,0
9182,73756,1,0
9184,51927,0,0
9186,116525,0,0
9187,345475,0,0
9188,217895,1,0
9195,17385,0,0
9196,101244,0,0
9197,190044,1,0
9198,178320,0,0
9199,179297,0,0
9200,101192,0,0
9205,8642,1,0
9210,16055,0,0
9211,23638,0,0
9212,97321,0,0
9214,182379,0,0
9218,177869,0,0
9221,120017,0,0
9222,30451,0,0
9226,63748,1,0
9228,362851,0,0
9229,98752,0,0
9231,10635,0,0
9232,97481,0,0
9234,133332,0,0
9235,45363,0,0
9236,288950,0,0
9238,92944,0,0
9241,72385,1,0
9242,6114,1,0
9243,314310,0,0
9244,62067,0,0
9245,154964,0,0
9246,14813,0,0
9251,80153,1,0
9252,283228,1,0
9255,112237,0,0
9259,251686,0,0
9263,96560,0,0
9266,259566,0,0
9267,302024,0,0
9268,272216,0,0
9272,96404,1,0
9274,75613,0,0
9275,34043,1,0
9276,354618,0,0
9278,254796,0,0
9281,340443,0,0
9283,150241,1,0
9284,21215,0,0
9285,237327,0,0
9286,29753,0,0
9288,75626,0,0
9290,288905,0,0
9291,25388,0,0
9292,222204,0,0
9293,91058,0,0
9294,241000,1,0
9297,135464,0,0
9299,198018,0,0
9300,250429,0,0
9301,261049,0,0
9303,264098,0,0
9305,267302,0,0
9307,343650,0,0
9310,74276,0,0
9311,41508,0,0
9312,134392,0,0
9317,325967,0,0
9318,322705,0,0
9319,202310,0,0
9320,299512,0,0
9324,353626,1,0
9325,325239,0,0
9327,59267,0,0
9329,319840,0,0
9330,87726,0,0
9337,76113,0,0
9338,97419,0,0
9342,190854,0,0
9346,196887,0,0
9347,249568,0,0
9349,200079,0,0
9352,80509,0,0
9353,239439,0,0
9359,190243,0,0
9361,342277,0,0
9363,352259,0,0
9364,84892,0,0
9365,247558,0,0
9366,192923,0,0
9367,139641,1,0
9369,338085,1,0
9370,9439,0,0
9371,345071,0,0
9372,267965,0,0
9373,103788,0,0
9377,63362,0,0
9379,165181,1,0
9382,35338,0,0
9384,334386,1,0
9386,92074,0,0
9388,279507,0,0
9391,157332,0,0
9392,77107,0,0
9395,245910,0,0
9400,230598,0,0
9404,38270,0,0
9405,174310,0,0
9406,79694,0,0
9408,116046,0,0
9411,36348,0,0
9412,272043,0,0
9414,202319,0,0
9416,37260,0,0
9417,163544,0,0
9418,63345,0,0
9419,231854,0,0
9421,201113,0,0
9424,156658,0,0
9425,278889,0,0
9426,320631,1,0
9427,281996,0,0
9428,80771,1,0
9430,141517,1,0
9433,241323,1,0
9435,306816,1,0
9436,320264,1,0
9437,283777,0,0
9439,113999,0,0
9441,319965,0,0
9446,318183,0,0
9447,233860,1,0
9448,1800,0,0
9449,116584,0,0
9450,294957,0,0
9455,279888,0,0
9464,109767,0,0
9465,287654,1,0
9466,87071,1,0
9470,221776,0,0
9471,313978,0,0
9472,148407,0,0
9478,81324,0,0
9479,46857,0,0
9480,337216,0,0
9484,148296,0,0
9485,40345,1,0
9490,61833,0,0
9493,20646,0,0
9494,59619,1,0
9498,38743,1,0
9499,108679,0,0
9500,247488,0,0
9501,53626,0,0
9502,293103,1,0
9509,146579,0,0
9512,228150,0,0
9513,141298,0,0
9516,283392,0,0
9519,316855,0,0
9524,85668,1,0
9525,228058,0,0
9526,95284,0,0
9528,198416,1,0
9529,114289,0,0
9530,41012,0,0
9533,173078,0,0
9535,45053,0,0
9538,222930,0,0
9540,133956,0,0
9543,77315,0,0
9544,242020,1,0
9547,263759,1,0
9548,129957,1,0
9549,45935,1,0
9555,325943,0,0
9561,281649,1,0
9562,75610,0,0
9563,230752,0,0
9567,197302,0,0
9569,158843,0,0
9570,151712,0,0
9571,81566,0,0
9572,373080,0,0
9574,227791,1,0
9576,10807,1,0
9577,363362,0,0
9580,293641,0,0
9581,207722,0,0
9583,368282,1,0
9585,293752,0,0
9587,63369,0,0
9588,341842,0,0
9591,138629,0,0
9594,146600,0,0
9596,246498,0,0
9598,279382,0,0
9599,190278,0,0
9600,142898,0,0
9601,115758,0,0
9602,133005,1,0
9606,276534,1,0
9608,50552,0,0
9612,59867,0,0
9613,259694,1,0
9617,73504,0,0
9619,274631,0,0
9623,326827,0,0
9624,8869,0,0
9625,286764,0,0
9626,149682,1,0
9627,76145,0,0
9628,34474,0,0
9629,28703,0,0
9630,203885,0,0
9632,14383,0,0
9634,78490,0,0
9637,276373,0,0
9641,202191,0,0
9644,264455,0,0
9646,270926,0,0
9647,43560,0,0
9649,327224,0,0
9654,231981,0,0
9656,178384,1,0
9660,113279,0,0
9661,225900,0,0
9662,24077,0,0
9664,220988,0,0
9666,40091,0,0
9668,51725,0,0
9670,328340,1,0
9674,112271,0,0
9675,165092,0,0
9677,29713,0,0
9679,79150,0,0
9682,42930,1,0
9684,118055,0,0
9685,79597,0,0
9686,251924,0,0
9688,141957,0,0
9690,203215,0,0
9694,52651,1,0
9696,247672,0,0
9698,142508,0,0
9699,315638,0,0
9702,146767,0,0
9704,245965,0,0
9706,148377,1,0
9709,312622,0,0
9710,312657,0,0
9711,48528,0,0
9712,12374,0,0
9715,242497,1,0
9716,296348,0,0
9717,287665,0,0
9718,314842,0,0
9720,162971,0,0
9722,12078,0,0
9723,76584,0,0
9725,15744,0,0
9726,201812,0,0
9727,284011,0,0
9729,320440,0,0
9731,294354,0,0
9733,262945,0,0
9737,243338,0,0
9740,108034,0,0
9741,166444,0,0
9743,57455,0,0
9745,354490,0,0
9747,234636,0,0
9748,296745,0,0
9750,74339,0,0
9752,372771,0,0
9753,184762,0,0
9754,34441,0,0
9757,173262,0,0
9761,322894,0,0
9763,252432,0,0
9765,133986,0,0
9768,333588,0,0
9772,46356,0,0
9774,40996,1,0
9775,327047,0,0
9780,137009,0,0
9782,67161,1,0
9783,1164,1,0
9785,181516,0,0
9792,290407,1,0
9795,97618,1,0
9796,16984,0,0
9798,101990,0,0
9801,159572,0,0
9802,277049,0,0
9805,303892,0,0
9808,326188,0,0
9812,297061,1,0
9813,364572,1,0
9816,279184,0,0
9819,226080,0,0
9820,70364,0,0
9822,216519,1,0
9823,162911,0,0
9824,32406,1,0
9825,160289,1,0
9826,220302,0,0
9828,123254,1,0
9831,342682,0,0
9837,65883,0,0
9839,241313,0,0
9841,329328,0,0
9843,288430,0,0
9844,300721,0,0
9845,166260,1,0
9847,73241,0,0
9851,83427,0,0
9856,88259,0,0
9857,20373,0,0
9858,88908,0,0
9859,129601,1,0
9861,45638,0,0
9865,138438,1,0
9867,276383,0,0
9868,244046,0,0
9869,15095,0,0
9876,196160,0,0
9877,306182,0,0
9881,253171,0,0
9884,245172,0,0
9886,293815,0,0
9887,232339,0,0
9889,161675,0,0
9891,263187,0,0
9892,279186,0,0
9894,145846,0,0
9895,325900,0,0
9898,199580,0,0
9899,242751,0,0
9900,71994,1,0
9901,114826,0,0
9902,236414,0,0
9908,157674,0,0
9910,111423,0,0
9912,215611,0,0
9913,60088,0,0
9914,181158,0,0
9915,142056,0,0
9918,291646,0,0
9919,91965,0,0
9920,30132,0,0
9922,301014,0,0
9923,45591,0,0
9924,154186,0,0
9925,303497,0,0
