,user
0,49321.0
1,260324.0
2,279577.0
5,32728.0
6,239012.0
8,66162.0
9,286539.0
10,136429.0
11,40885.0
12,95346.0
15,247226.0
19,154095.0
23,346903.0
25,130214.0
26,108598.0
29,43524.0
32,141364.0
33,191040.0
35,149477.0
36,170241.0
37,277403.0
38,243695.0
41,241413.0
43,250612.0
46,326694.0
51,362689.0
53,276348.0
54,16826.0
55,217692.0
58,300691.0
59,43382.0
61,232226.0
62,275816.0
65,121085.0
68,151561.0
71,342055.0
73,315367.0
75,165150.0
80,343469.0
81,208300.0
82,359199.0
83,154708.0
84,136717.0
87,86436.0
88,125190.0
89,46547.0
95,158717.0
96,174622.0
98,269415.0
99,272216.0
101,88667.0
103,315017.0
105,289464.0
106,176837.0
108,29952.0
109,58506.0
111,80022.0
112,46865.0
119,373508.0
120,294061.0
121,227533.0
122,274307.0
123,336048.0
125,82090.0
127,172759.0
128,363912.0
129,150923.0
130,240766.0
132,73223.0
134,86766.0
136,110362.0
138,228474.0
140,176651.0
141,242868.0
143,89913.0
144,214841.0
147,170225.0
148,121464.0
150,215299.0
151,149578.0
152,142203.0
153,47537.0
156,192209.0
157,217236.0
163,320962.0
165,328387.0
169,172087.0
171,18033.0
173,90775.0
175,81272.0
178,325016.0
179,344701.0
180,15823.0
181,193086.0
182,10483.0
183,108138.0
184,311561.0
185,241888.0
186,152833.0
191,282819.0
192,233316.0
193,36569.0
194,145697.0
196,283460.0
197,212945.0
198,113036.0
202,358831.0
204,5981.0
205,108313.0
206,341423.0
207,30872.0
209,23803.0
211,12514.0
212,207206.0
213,195947.0
215,155381.0
217,324522.0
219,124674.0
224,340045.0
225,119499.0
226,149526.0
227,76959.0
231,28258.0
233,145134.0
236,145393.0
237,288267.0
239,163805.0
240,206217.0
242,82627.0
243,83352.0
244,291627.0
245,319135.0
248,98434.0
250,217417.0
251,46205.0
253,297413.0
258,347766.0
260,364228.0
265,3749.0
267,274796.0
270,22411.0
273,201812.0
274,18830.0
275,269752.0
276,274227.0
277,363606.0
280,134072.0
282,81819.0
284,226660.0
287,142664.0
289,158802.0
290,41754.0
293,218279.0
294,93866.0
296,187766.0
300,10953.0
301,313346.0
302,286087.0
306,12764.0
309,128440.0
310,51103.0
311,69980.0
312,32175.0
314,320295.0
315,152250.0
318,301242.0
319,205118.0
320,174375.0
323,368405.0
325,128271.0
327,171184.0
329,304041.0
331,167410.0
333,237227.0
334,80043.0
335,219750.0
340,67380.0
341,318409.0
343,246002.0
345,304122.0
347,230802.0
349,48681.0
350,287735.0
353,65794.0
354,92890.0
355,215649.0
365,181103.0
366,224754.0
371,106707.0
372,368493.0
373,243707.0
377,340491.0
378,51332.0
379,45134.0
380,7205.0
384,22778.0
385,143412.0
386,10993.0
387,62107.0
390,325332.0
393,98174.0
394,87058.0
396,30259.0
397,3818.0
398,349822.0
399,10749.0
400,167536.0
401,110586.0
405,316189.0
411,236773.0
412,189775.0
416,193475.0
417,329102.0
419,84264.0
420,2958.0
421,362764.0
424,60601.0
428,265102.0
437,103060.0
443,341320.0
445,318193.0
446,302676.0
447,284640.0
450,30970.0
452,273759.0
454,218432.0
455,51282.0
456,189530.0
457,262540.0
462,185378.0
464,367380.0
465,148142.0
466,110108.0
467,115701.0
468,258474.0
469,16678.0
470,318280.0
472,318113.0
473,252131.0
474,164731.0
476,190306.0
477,137798.0
478,277336.0
479,2255.0
480,312346.0
484,343429.0
485,24971.0
486,146971.0
487,218982.0
491,25352.0
492,34955.0
493,85337.0
496,207211.0
502,98608.0
503,2220.0
506,15712.0
509,325058.0
510,71965.0
511,239448.0
514,98752.0
515,168869.0
516,371775.0
518,260236.0
519,316623.0
520,254294.0
521,354076.0
522,181747.0
523,155863.0
524,9619.0
526,355892.0
528,94438.0
529,89591.0
530,217344.0
536,179264.0
539,294407.0
540,284786.0
541,281352.0
542,295103.0
543,153555.0
545,12324.0
549,209041.0
550,64912.0
552,239514.0
553,137871.0
554,168397.0
556,332340.0
558,271982.0
560,332087.0
561,260372.0
562,359357.0
564,280599.0
567,35448.0
570,97737.0
575,113872.0
578,59133.0
579,121308.0
581,302231.0
587,177391.0
588,53610.0
589,9488.0
590,235257.0
591,346815.0
592,245919.0
594,122496.0
595,278218.0
596,49954.0
597,87482.0
602,163668.0
605,366951.0
606,182339.0
607,39839.0
608,5926.0
610,71939.0
611,64217.0
614,363838.0
616,119280.0
618,305709.0
619,39729.0
620,135164.0
622,193781.0
623,150721.0
624,79506.0
625,201198.0
627,91001.0
629,278901.0
630,255755.0
636,190840.0
637,28617.0
638,199099.0
639,125294.0
640,281325.0
641,273925.0
642,26425.0
643,87727.0
645,40549.0
646,369067.0
647,349188.0
648,347182.0
649,79407.0
650,10403.0
654,222327.0
655,199899.0
656,345415.0
657,301622.0
660,278961.0
661,21041.0
664,284249.0
665,111848.0
666,274218.0
668,141226.0
670,221643.0
674,260264.0
675,147417.0
676,17951.0
677,65782.0
678,20270.0
679,257237.0
686,21277.0
687,122106.0
688,36247.0
691,327100.0
693,306062.0
694,202116.0
695,48187.0
696,321604.0
703,157161.0
704,111953.0
705,239285.0
709,140903.0
710,102543.0
711,96745.0
715,22094.0
717,193285.0
720,70163.0
721,138684.0
723,230292.0
725,285149.0
727,39857.0
733,13408.0
736,118330.0
739,176039.0
751,24922.0
755,194703.0
756,171767.0
759,232820.0
760,103269.0
761,308483.0
762,49318.0
764,168219.0
769,336510.0
770,210894.0
771,37941.0
774,190611.0
777,272204.0
778,270263.0
779,119555.0
780,209234.0
782,58495.0
787,211178.0
789,264871.0
791,9272.0
792,311506.0
793,16457.0
795,202127.0
796,147191.0
802,109306.0
805,302386.0
809,121958.0
810,194153.0
811,252227.0
812,72593.0
813,181910.0
814,260074.0
815,305829.0
820,291209.0
822,45903.0
823,249027.0
828,253439.0
829,83038.0
831,76373.0
834,319326.0
835,244755.0
836,96279.0
837,53476.0
842,21940.0
846,330714.0
848,111291.0
853,260859.0
854,191356.0
855,31489.0
856,92960.0
857,243690.0
858,346832.0
859,63074.0
860,257665.0
861,298418.0
863,171160.0
864,302801.0
865,281449.0
869,225807.0
872,128731.0
876,122892.0
878,228227.0
880,92571.0
885,117343.0
887,330880.0
889,152630.0
890,259084.0
891,197592.0
892,137921.0
896,20625.0
897,332070.0
899,301157.0
900,318467.0
901,183737.0
903,328982.0
905,222675.0
907,357012.0
908,275283.0
910,203476.0
912,199755.0
916,234454.0
918,273498.0
919,33116.0
920,169299.0
923,198859.0
924,360157.0
925,137629.0
927,66774.0
928,299032.0
929,230040.0
931,171003.0
932,80758.0
934,44623.0
936,208710.0
937,340379.0
938,136450.0
940,52769.0
944,54545.0
945,331311.0
946,308313.0
948,126607.0
950,79511.0
951,185963.0
952,324964.0
956,244554.0
957,195548.0
965,338739.0
966,173618.0
967,263139.0
968,41660.0
973,198472.0
974,52812.0
975,45249.0
977,71325.0
979,25246.0
980,106304.0
981,289321.0
982,308643.0
983,40730.0
988,88710.0
989,118260.0
990,366494.0
991,125080.0
992,97405.0
993,116866.0
995,268203.0
996,233914.0
998,236502.0
1000,243196.0
1002,222197.0
1004,355577.0
1005,67201.0
1006,265155.0
1012,45125.0
1014,287592.0
1015,19440.0
1016,310673.0
1017,43960.0
1022,236249.0
1025,291640.0
1026,164989.0
1028,242799.0
1029,187882.0
1036,1821.0
1037,761.0
1039,169914.0
1040,98265.0
1041,80871.0
1048,48682.0
1049,158641.0
1051,241686.0
1052,68259.0
1056,24986.0
1058,1536.0
1059,153414.0
1061,357356.0
1064,334765.0
1065,306680.0
1066,350686.0
1067,11870.0
1068,226917.0
1069,105663.0
1070,107176.0
1071,289219.0
1072,198430.0
1073,232423.0
1074,14880.0
1075,27351.0
1076,88958.0
1081,1272.0
1082,369394.0
1083,69091.0
1088,93037.0
1089,343688.0
1090,250238.0
1091,96004.0
1092,248678.0
1094,144779.0
1095,303224.0
1097,95877.0
1098,189232.0
1099,155770.0
1102,100827.0
1104,225574.0
1105,151101.0
1106,163067.0
1109,101613.0
1110,164465.0
1111,294500.0
1112,11565.0
1114,168496.0
1115,112588.0
1116,206579.0
1118,342967.0
1119,330346.0
1120,1791.0
1122,297659.0
1123,34517.0
1124,368100.0
1129,256666.0
1130,215588.0
1131,289159.0
1132,11496.0
1133,297061.0
1135,151608.0
1139,237939.0
1140,238.0
1143,312789.0
1145,354466.0
1146,107959.0
1149,7717.0
1152,225841.0
1153,200311.0
1156,221776.0
1158,290514.0
1159,103895.0
1164,103194.0
1165,297603.0
1166,162842.0
1168,245955.0
1169,211143.0
1170,194224.0
1174,235524.0
1175,305559.0
1178,218196.0
1180,185558.0
1181,143110.0
1183,14907.0
1186,167060.0
1188,120717.0
1190,54040.0
1196,19585.0
1197,229132.0
1199,310116.0
1200,276584.0
1203,187088.0
1205,31085.0
1206,7226.0
1208,1184.0
1209,188130.0
1211,31218.0
1212,324468.0
1214,77620.0
1216,87017.0
1222,60810.0
1223,315422.0
1225,191874.0
1228,372072.0
1229,58960.0
1230,347309.0
1232,6036.0
1234,317966.0
1235,321863.0
1237,283984.0
1241,22449.0
1244,208107.0
1246,34044.0
1249,21099.0
1250,252657.0
1253,371481.0
1254,156431.0
1256,166444.0
1257,10911.0
1258,174183.0
1261,265154.0
1263,321201.0
1265,338832.0
1266,349002.0
1267,17361.0
1268,308070.0
1269,89093.0
1271,120276.0
1272,336651.0
1277,192382.0
1278,295288.0
1280,23457.0
1281,318430.0
1282,247491.0
1283,273208.0
1288,35441.0
1289,225039.0
1291,14084.0
1293,256658.0
1294,89231.0
1297,285454.0
1298,22739.0
1300,82501.0
1301,197242.0
1305,367700.0
1306,326515.0
1307,372050.0
1308,233619.0
1314,174269.0
1315,193740.0
1319,55599.0
1321,278266.0
1322,89600.0
1323,3975.0
1324,270555.0
1325,103731.0
1328,163232.0
1332,5174.0
1335,174044.0
1336,77166.0
1340,194152.0
1341,348570.0
1343,41622.0
1344,336939.0
1345,68717.0
1346,365675.0
1347,280770.0
1348,219375.0
1350,56232.0
1351,306481.0
1352,191397.0
1360,79978.0
1361,212483.0
1363,259257.0
1364,219434.0
1365,72988.0
1366,234441.0
1367,155516.0
1369,32977.0
1370,164529.0
1376,217080.0
1380,175156.0
1381,215885.0
1382,159556.0
1387,157515.0
1395,87052.0
1396,89971.0
1397,195361.0
1398,230829.0
1399,30069.0
1400,316188.0
1401,322958.0
1402,73204.0
1404,275697.0
1406,43406.0
1411,51401.0
1412,316809.0
1413,75509.0
1414,181112.0
1415,364094.0
1416,196773.0
1417,262732.0
1419,138532.0
1420,231702.0
1422,36714.0
1423,242405.0
1424,137305.0
1425,66648.0
1426,52779.0
1428,41281.0
1430,293783.0
1431,294790.0
1432,317957.0
1434,86293.0
1435,286703.0
1437,46067.0
1440,286530.0
1442,177419.0
1444,207903.0
1445,322413.0
1446,89754.0
1448,309513.0
1449,318720.0
1450,170835.0
1455,281389.0
1456,1381.0
1460,164678.0
1461,325794.0
1469,252297.0
1471,31163.0
1472,234970.0
1473,28780.0
1475,83356.0
1476,172604.0
1477,30822.0
1479,258145.0
1480,192396.0
1482,122915.0
1483,582.0
1488,306509.0
1493,274220.0
1495,67542.0
1496,303135.0
1498,243338.0
1499,104163.0
1500,15051.0
1501,284226.0
1502,118272.0
1507,342886.0
1508,167130.0
1510,274199.0
1511,123492.0
1513,331045.0
1514,185778.0
1516,252939.0
1521,324034.0
1522,48426.0
1526,108853.0
1528,90132.0
1529,136588.0
1530,146550.0
1531,139105.0
1532,220193.0
1534,220322.0
1536,135453.0
1538,330523.0
1540,61989.0
1543,218616.0
1545,97769.0
1551,146120.0
1554,342983.0
1555,185005.0
1557,360661.0
1560,133859.0
1561,176547.0
1563,214618.0
1564,157735.0
1566,167819.0
1567,220709.0
1568,144625.0
1570,138486.0
1571,266458.0
1572,299083.0
1575,73866.0
1576,198416.0
1577,313040.0
1578,174419.0
1582,67750.0
1585,199873.0
1586,93839.0
1588,139527.0
1589,229527.0
1591,357921.0
1592,131606.0
1595,240814.0
1599,221004.0
1602,359803.0
1604,223294.0
1606,316226.0
1609,300916.0
1612,20386.0
1613,45591.0
1615,248546.0
1616,280604.0
1617,160857.0
1620,138836.0
1622,31252.0
1626,35356.0
1627,152850.0
1628,367145.0
1630,315287.0
1631,326779.0
1635,371441.0
1637,273714.0
1640,52223.0
1642,93494.0
1646,142563.0
1649,103772.0
1651,21497.0
1655,335168.0
1657,334323.0
1658,48222.0
1662,204191.0
1664,319068.0
1665,228266.0
1666,90370.0
1667,350613.0
1668,247046.0
1669,146510.0
1670,366373.0
1671,318877.0
1672,92693.0
1674,147941.0
1675,326681.0
1677,88600.0
1680,54583.0
1681,153541.0
1682,108823.0
1683,95529.0
1684,249425.0
1689,276903.0
1690,5982.0
1692,280312.0
1700,28398.0
1701,130877.0
1702,311853.0
1704,61934.0
1705,76924.0
1706,372439.0
1710,297492.0
1713,353722.0
1714,4531.0
1715,123947.0
1717,81036.0
1718,182410.0
1720,312177.0
1721,15497.0
1722,232996.0
1723,356466.0
1724,161022.0
1725,194711.0
1727,92121.0
1728,95139.0
1729,346386.0
1730,333997.0
1733,294037.0
1735,157152.0
1739,259830.0
1740,232227.0
1741,171611.0
1742,352701.0
1743,31608.0
1745,270500.0
1747,315125.0
1749,2786.0
1750,291648.0
1751,256813.0
1752,297121.0
1755,98249.0
1756,261812.0
1758,85900.0
1763,116046.0
1765,53868.0
1767,32969.0
1768,80506.0
1770,318369.0
1772,260983.0
1773,278381.0
1774,75003.0
1775,159151.0
1776,153360.0
1777,35934.0
1779,31936.0
1780,55207.0
1783,276217.0
1785,278750.0
1787,296972.0
1790,127860.0
1791,167608.0
1792,244102.0
1794,196527.0
1796,316063.0
1797,148107.0
1798,111962.0
1800,50936.0
1801,237008.0
1803,160855.0
1806,322809.0
1808,60686.0
1811,243281.0
1815,217647.0
1820,193895.0
1824,344501.0
1826,366889.0
1827,192301.0
1832,105478.0
1833,353137.0
1835,351079.0
1836,190770.0
1837,2789.0
1838,192602.0
1839,289512.0
1842,238376.0
1844,199006.0
1852,276184.0
1853,217029.0
1854,142777.0
1855,140537.0
1859,359285.0
1862,83024.0
1863,12325.0
1864,230179.0
1868,343574.0
1871,317503.0
1875,342779.0
1878,610.0
1879,274950.0
1880,341278.0
1881,185912.0
1882,314608.0
1884,71509.0
1885,334405.0
1886,1763.0
1887,155779.0
1889,99295.0
1890,229405.0
1892,220972.0
1893,31192.0
1895,313709.0
1897,49929.0
1898,195444.0
1899,300692.0
1902,314332.0
1903,175259.0
1904,333655.0
1905,290205.0
1906,227021.0
1907,142697.0
1911,127146.0
1912,268283.0
1913,261446.0
1915,200571.0
1916,175569.0
1917,370729.0
1918,57035.0
1919,14591.0
1920,213025.0
1921,88369.0
1922,242625.0
1924,120134.0
1927,42035.0
1932,142029.0
1933,91965.0
1936,195105.0
1938,293924.0
1939,205469.0
1940,129957.0
1945,37940.0
1946,354050.0
1948,175901.0
1949,282708.0
1951,122997.0
1954,221321.0
1955,188926.0
1956,219700.0
1957,361875.0
1958,14456.0
1959,153182.0
1960,76615.0
1961,75522.0
1967,169211.0
1968,268041.0
1969,326510.0
1970,82480.0
1972,16549.0
1973,228989.0
1974,62201.0
1975,48830.0
1976,259275.0
1979,253011.0
1980,177081.0
1982,309240.0
1985,190487.0
1986,199638.0
1988,228763.0
1990,267374.0
1993,32648.0
1996,150666.0
1998,260848.0
1999,176873.0
2000,137442.0
2001,227488.0
2002,261379.0
2003,20191.0
2005,306063.0
2007,326780.0
2008,218047.0
2009,151167.0
2015,15795.0
2016,296308.0
2017,14047.0
2018,137932.0
2021,282292.0
2022,223174.0
2025,367018.0
2029,110239.0
2030,88276.0
2031,190012.0
2032,296465.0
2033,283922.0
2034,133389.0
2035,181591.0
2037,89934.0
2040,130413.0
2045,61127.0
2050,47750.0
2051,108392.0
2055,128191.0
2056,105842.0
2058,344721.0
2060,216687.0
2061,230076.0
2063,101192.0
2069,132297.0
2073,195236.0
2076,288827.0
2078,78240.0
2080,184681.0
2084,307940.0
2085,136333.0
2086,278489.0
2087,255195.0
2089,180365.0
2090,310477.0
2092,308370.0
2093,158914.0
2098,257493.0
2103,256383.0
2105,306815.0
2106,210409.0
2109,319425.0
2110,133378.0
2112,2019.0
2113,270926.0
2118,25609.0
2119,130094.0
2120,194660.0
2121,145638.0
2122,361059.0
2123,137859.0
2124,335299.0
2125,255943.0
2126,357576.0
2127,231080.0
2128,282832.0
2130,125226.0
2132,38408.0
2133,72470.0
2134,266736.0
2135,22163.0
2137,210650.0
2139,179907.0
2142,180637.0
2143,5984.0
2145,234828.0
2147,106325.0
2148,85746.0
2150,194749.0
2153,312657.0
2154,256273.0
2158,123004.0
2162,222183.0
2163,60150.0
2164,336488.0
2166,190931.0
2169,159666.0
2171,57192.0
2172,282998.0
2175,281569.0
2176,58356.0
2179,170609.0
2180,168541.0
2181,218660.0
2183,118277.0
2185,255836.0
2186,198665.0
2187,22866.0
2189,122532.0
2191,63423.0
2192,197346.0
2194,336590.0
2195,14463.0
2197,179469.0
2198,290353.0
2202,300440.0
2203,3775.0
2204,177826.0
2205,159687.0
2206,132152.0
2209,321795.0
2211,269128.0
2212,245103.0
2213,268674.0
2215,229810.0
2216,315089.0
2217,170602.0
2219,306513.0
2220,206934.0
2222,326212.0
2228,14436.0
2229,152069.0
2230,305063.0
2233,356251.0
2237,19311.0
2238,16718.0
2239,273851.0
2242,351282.0
2245,282261.0
2250,67282.0
2251,173361.0
2259,279838.0
2260,333210.0
2262,367301.0
2263,137399.0
2265,275550.0
2268,81021.0
2269,292799.0
2275,230890.0
2284,224528.0
2285,76450.0
2286,340869.0
2288,294299.0
2289,132334.0
2291,30470.0
2292,358489.0
2293,212585.0
2294,3045.0
2298,369180.0
2300,117128.0
2303,238968.0
2308,240641.0
2309,151783.0
2310,65505.0
2311,133230.0
2313,61583.0
2315,78915.0
2316,78304.0
2317,292021.0
2319,320767.0
2320,294675.0
2321,104787.0
2322,328627.0
2325,46841.0
2326,10158.0
2327,358493.0
2328,244257.0
2329,18931.0
2333,134059.0
2336,257046.0
2337,246689.0
2341,234636.0
2342,276264.0
2344,249595.0
2346,102082.0
2348,177990.0
2351,265643.0
2354,69071.0
2356,370944.0
2357,295129.0
2358,313880.0
2360,332427.0
2361,252709.0
2363,303070.0
2364,99262.0
2365,366649.0
2366,222344.0
2368,304352.0
2370,315451.0
2371,260306.0
2373,239828.0
2376,257863.0
2377,188361.0
2378,174734.0
2379,370859.0
2380,338332.0
2381,337595.0
2382,136991.0
2386,5444.0
2390,320945.0
2391,319304.0
2393,182902.0
2394,251364.0
2395,78395.0
2396,335029.0
2399,251988.0
2403,286570.0
2404,313476.0
2405,368774.0
2407,136293.0
2408,175621.0
2409,213209.0
2411,3052.0
2413,34172.0
2414,138596.0
2415,130510.0
2419,329542.0
2420,342855.0
2421,132408.0
2423,222216.0
2424,363306.0
2425,96392.0
2426,301928.0
2427,1897.0
2432,210490.0
2433,83453.0
2436,17074.0
2438,228550.0
2442,230096.0
2444,241323.0
2445,172383.0
2446,292547.0
2447,225931.0
2448,18205.0
2450,348625.0
2451,277217.0
2452,177087.0
2453,193357.0
2457,282546.0
2459,33096.0
2460,176219.0
2463,90696.0
2465,167645.0
2469,287706.0
2471,286293.0
2473,372015.0
2474,91168.0
2476,208158.0
2477,28801.0
2481,172185.0
2485,131537.0
2486,112869.0
2487,91928.0
2488,11691.0
2491,29084.0
2492,293508.0
2495,227007.0
2496,128413.0
2502,350971.0
2503,169678.0
2504,185279.0
2506,77316.0
2508,24428.0
2510,124480.0
2512,235431.0
2513,236670.0
2514,109905.0
2515,187462.0
2517,12486.0
2521,8686.0
2524,352315.0
2525,117893.0
2527,276543.0
2528,214315.0
2529,244124.0
2534,150687.0
2535,285669.0
2536,313223.0
2537,122269.0
2538,244601.0
2540,209355.0
2541,305022.0
2543,138444.0
2544,62429.0
2545,25742.0
2546,63919.0
2547,116523.0
2553,107744.0
2554,242588.0
2558,155590.0
2562,370656.0
2566,133224.0
2567,183279.0
2569,267649.0
2570,168917.0
2571,144987.0
2572,52543.0
2573,257824.0
2575,239093.0
2577,247073.0
2580,106500.0
2581,110124.0
2582,82088.0
2583,144347.0
2584,112057.0
2585,235039.0
2589,320687.0
2590,277617.0
2592,300535.0
2595,262682.0
2598,184619.0
2599,185895.0
2600,57451.0
2602,213771.0
2603,132066.0
2609,154790.0
2610,173050.0
2611,207029.0
2613,278200.0
2615,299668.0
2618,348136.0
2619,310982.0
2621,298458.0
2622,5417.0
2623,146487.0
2626,89431.0
2629,83943.0
2630,149706.0
2632,343884.0
2637,4344.0
2638,185184.0
2639,349042.0
2640,103913.0
2642,266096.0
2643,247143.0
2645,168800.0
2646,111381.0
2647,264779.0
2648,353552.0
2650,166477.0
2651,211539.0
2655,223151.0
2656,360449.0
2657,90555.0
2658,124675.0
2660,180654.0
2661,57091.0
2662,144847.0
2665,292342.0
2666,208898.0
2667,31101.0
2668,295888.0
2671,235057.0
2673,286457.0
2674,182319.0
2677,148862.0
2678,123427.0
2679,343907.0
2682,360025.0
2684,93523.0
2686,368876.0
2687,109338.0
2688,189995.0
2690,260268.0
2692,21702.0
2693,122347.0
2695,252656.0
2697,140195.0
2698,10754.0
2699,153445.0
2700,10442.0
2702,294457.0
2703,359226.0
2704,70160.0
2706,64833.0
2707,102964.0
2708,367392.0
2710,65792.0
2711,261457.0
2716,184391.0
2720,298582.0
2721,154008.0
2722,186793.0
2724,107239.0
2725,27099.0
2726,113199.0
2728,148855.0
2730,186648.0
2732,49505.0
2737,215226.0
2739,101709.0
2741,182288.0
2742,256453.0
2745,27782.0
2747,21226.0
2748,366797.0
2749,109519.0
2750,138146.0
2751,307255.0
2756,189003.0
2758,36863.0
2761,6888.0
2765,291893.0
2768,172201.0
2770,336722.0
2772,307491.0
2773,324169.0
2776,13893.0
2777,18895.0
2779,126243.0
2780,44384.0
2783,76574.0
2787,297372.0
2788,256777.0
2789,38116.0
2790,172152.0
2791,337756.0
2793,318030.0
2794,46909.0
2795,322193.0
2796,196386.0
2798,41071.0
2800,219418.0
2801,5008.0
2802,262814.0
2804,125976.0
2807,283250.0
2808,53419.0
2809,79199.0
2810,169302.0
2811,84317.0
2812,272043.0
2816,210745.0
2823,364648.0
2825,230167.0
2828,269085.0
2829,139388.0
2831,203171.0
2832,160860.0
2837,157284.0
2839,180933.0
2840,259579.0
2841,91901.0
2845,331817.0
2849,197729.0
2850,344437.0
2851,244700.0
2852,313764.0
2853,12600.0
2854,266452.0
2855,338038.0
2858,153082.0
2860,149196.0
2861,314091.0
2862,116136.0
2865,295551.0
2866,259494.0
2868,56115.0
2869,225464.0
2870,314966.0
2871,221230.0
2872,177342.0
2873,267259.0
2874,195551.0
2875,326684.0
2877,92104.0
2878,272995.0
2879,292051.0
2881,246549.0
2883,129912.0
2885,124433.0
2887,295308.0
2889,349280.0
2890,133680.0
2891,130934.0
2892,30748.0
2893,335905.0
2894,264643.0
2895,351329.0
2896,369079.0
2898,349030.0
2899,36287.0
2903,130066.0
2904,42838.0
2907,63790.0
2910,372712.0
2911,139690.0
2912,298343.0
2913,101741.0
2915,283911.0
2919,323291.0
2926,268646.0
2928,227536.0
2929,217277.0
2931,116846.0
2935,367425.0
2936,100142.0
2939,15147.0
2940,188843.0
2943,24706.0
2944,97602.0
2949,47159.0
2950,38928.0
2951,118007.0
2952,306714.0
2953,100054.0
2958,322980.0
2960,97028.0
2961,70532.0
2962,294160.0
2963,351520.0
2966,248532.0
2967,274967.0
2968,23567.0
2970,223281.0
2971,114868.0
2973,145628.0
2975,196820.0
2976,232937.0
2978,263624.0
2979,183740.0
2981,295874.0
2986,1515.0
2987,281803.0
2988,193982.0
2989,161395.0
2990,105503.0
2993,184583.0
2994,26479.0
3001,43486.0
3006,367107.0
3007,354430.0
3008,74466.0
3010,267103.0
3011,315658.0
3013,94048.0
3017,263652.0
3018,200113.0
3019,222110.0
3020,240234.0
3023,123716.0
3024,205262.0
3025,313997.0
3027,154974.0
3033,169428.0
3034,181970.0
3038,218921.0
3039,56176.0
3041,252558.0
3049,114292.0
3051,47827.0
3052,48568.0
3053,344689.0
3056,148708.0
3057,28769.0
3058,311081.0
3059,89907.0
3060,72102.0
3061,161783.0
3067,355073.0
3071,294913.0
3074,248441.0
3075,324737.0
3077,267931.0
3078,51332.0
3080,276603.0
3081,367212.0
3082,24410.0
3084,233263.0
3085,204849.0
3086,188418.0
3088,338312.0
3089,168756.0
3090,315973.0
3091,267184.0
3093,126731.0
3098,190732.0
3101,9857.0
3102,210771.0
3103,249513.0
3106,9942.0
3107,340936.0
3108,228408.0
3109,303416.0
3111,19904.0
3117,274578.0
3118,141402.0
3119,113460.0
3120,61921.0
3123,19345.0
3128,223822.0
3129,7017.0
3131,3892.0
3133,96480.0
3135,16216.0
3137,366198.0
3138,35132.0
3141,157109.0
3145,167751.0
3148,356066.0
3150,126159.0
3153,358462.0
3157,123486.0
3158,43571.0
3159,342160.0
3161,181690.0
3162,275552.0
3163,195048.0
3166,170754.0
3167,355371.0
3170,291318.0
3173,256638.0
3175,142022.0
3180,315330.0
3181,136023.0
3182,61412.0
3183,192741.0
3186,289295.0
3188,265091.0
3189,202163.0
3191,119881.0
3192,198162.0
3195,10625.0
3196,42249.0
3197,44618.0
3198,316044.0
3199,87810.0
3200,201891.0
3202,358085.0
3203,162051.0
3205,224023.0
3206,54756.0
3207,146137.0
3208,291725.0
3209,94262.0
3210,192759.0
3211,175032.0
3214,162792.0
3218,73303.0
3220,95674.0
3221,235326.0
3224,141186.0
3225,333729.0
3227,329365.0
3228,146622.0
3229,33719.0
3234,308435.0
3236,189481.0
3238,42520.0
3243,179800.0
3245,332533.0
3246,21653.0
3248,59967.0
3249,176237.0
3252,27122.0
3253,354167.0
3254,110047.0
3255,246461.0
3259,367809.0
3262,28308.0
3263,107096.0
3264,175513.0
3266,66874.0
3268,269610.0
3269,239401.0
3271,366514.0
3277,51852.0
3278,40179.0
3280,172908.0
3281,106109.0
3282,177314.0
3283,362075.0
3287,237909.0
3288,278179.0
3290,92918.0
3294,229384.0
3295,210101.0
3296,117930.0
3297,32359.0
3302,254600.0
3303,84468.0
3304,281869.0
3306,313901.0
3307,337777.0
3308,195454.0
3309,194218.0
3313,234425.0
3315,103405.0
3318,116336.0
3319,128875.0
3320,265535.0
3321,339567.0
3322,287414.0
3323,104707.0
3325,186542.0
3326,40231.0
3328,106417.0
3333,106986.0
3334,89695.0
3335,200400.0
3337,291646.0
3338,234275.0
3339,217052.0
3341,253389.0
3343,356102.0
3344,160895.0
3345,64569.0
3346,255627.0
3347,361505.0
3348,206903.0
3349,252784.0
3351,195889.0
3352,141054.0
3356,174767.0
3357,161035.0
3358,194124.0
3360,242021.0
3361,53675.0
3362,327763.0
3365,336266.0
3366,56261.0
3367,75968.0
3370,283797.0
3371,77101.0
3372,111035.0
3373,296991.0
3375,210707.0
3377,176278.0
3378,346870.0
3379,279983.0
3380,242265.0
3385,125453.0
3388,307477.0
3392,94040.0
3396,182770.0
3400,314165.0
3401,95552.0
3403,290540.0
3404,91395.0
3409,137597.0
3410,159720.0
3411,176810.0
3414,269301.0
3415,54887.0
3418,96634.0
3426,131745.0
3429,225329.0
3430,313033.0
3432,84390.0
3435,136916.0
3437,71886.0
3438,64167.0
3440,29686.0
3441,274017.0
3445,38204.0
3446,129676.0
3449,233475.0
3452,241584.0
3455,118781.0
3456,92994.0
3458,160959.0
3459,140462.0
3462,318476.0
3464,53006.0
3465,31158.0
3466,257360.0
3467,270815.0
3470,91419.0
3471,14391.0
3472,93381.0
3475,362851.0
3476,153845.0
3477,7624.0
3479,296647.0
3480,227684.0
3481,352455.0
3482,57438.0
3483,174607.0
3487,287770.0
3488,114117.0
3489,274659.0
3492,303163.0
3493,145357.0
3494,199575.0
3499,174310.0
3501,162925.0
3502,37142.0
3507,275252.0
3508,267109.0
3509,348342.0
3510,64878.0
3512,31616.0
3515,206112.0
3516,217375.0
3517,264977.0
3518,12788.0
3520,120442.0
3521,133104.0
3525,159489.0
3526,304349.0
3527,243560.0
3529,273676.0
3532,359322.0
3534,69497.0
3535,97972.0
3536,122243.0
3539,338783.0
3541,283270.0
3544,369421.0
3546,304317.0
3548,265537.0
3549,370802.0
3552,261223.0
3556,146600.0
3559,358180.0
3560,175089.0
3561,52356.0
3563,219463.0
3568,331704.0
3570,115478.0
3571,66098.0
3572,99329.0
3576,51725.0
3577,242881.0
3579,246118.0
3582,272614.0
3583,30774.0
3584,352063.0
3585,304894.0
3586,579.0
3587,154801.0
3588,357579.0
3590,120499.0
3591,90536.0
3593,297704.0
3594,110605.0
3597,242880.0
3598,349491.0
3599,210730.0
3606,12595.0
3612,98627.0
3613,262369.0
3614,45804.0
3615,87421.0
3618,94657.0
3619,79590.0
3620,266281.0
3622,332552.0
3624,249548.0
3626,123827.0
3628,44386.0
3629,317266.0
3630,37047.0
3631,224398.0
3633,244025.0
3635,205590.0
3638,348840.0
3640,62599.0
3641,335755.0
3642,357317.0
3644,149993.0
3646,17060.0
3648,174078.0
3650,166697.0
3652,284913.0
3653,192780.0
3658,229246.0
3660,70874.0
3662,340181.0
3663,354957.0
3664,260857.0
3666,356122.0
3667,280533.0
3668,37482.0
3670,34199.0
3671,355537.0
3672,204983.0
3673,200463.0
3674,209172.0
3675,234894.0
3678,139449.0
3680,132877.0
3681,201250.0
3682,160360.0
3683,272809.0
3684,245460.0
3685,133880.0
3686,99603.0
3687,313775.0
3688,2152.0
3689,196361.0
3691,336117.0
3692,223616.0
3693,309654.0
3694,291322.0
3697,224186.0
3698,5463.0
3700,352431.0
3701,159668.0
3705,55004.0
3706,150477.0
3710,63141.0
3712,110849.0
3714,21336.0
3715,198915.0
3716,269134.0
3720,197816.0
3721,361001.0
3725,132288.0
3728,167429.0
3730,257133.0
3732,276103.0
3733,248623.0
3735,319793.0
3737,306453.0
3738,12674.0
3739,391.0
3741,370146.0
3742,177227.0
3749,321436.0
3750,163147.0
3751,133522.0
3752,279724.0
3753,106922.0
3754,120380.0
3755,126556.0
3756,164516.0
3763,38366.0
3768,100693.0
3769,115780.0
3773,113428.0
3774,86161.0
3776,216320.0
3779,51378.0
3780,126937.0
3781,18213.0
3782,263454.0
3783,123402.0
3786,92074.0
3788,3898.0
3789,202216.0
3790,30083.0
3791,262112.0
3795,95845.0
3799,123515.0
3800,318209.0
3801,245804.0
3802,161285.0
3806,130095.0
3807,181205.0
3809,68210.0
3811,286990.0
3812,25237.0
3813,221543.0
3814,71615.0
3820,337897.0
3826,198800.0
3827,62038.0
3829,146187.0
3830,87526.0
3834,337523.0
3835,325252.0
3836,259015.0
3839,47274.0
3841,270516.0
3842,304061.0
3843,239240.0
3844,274001.0
3846,125225.0
3848,321208.0
3849,17731.0
3854,239067.0
3856,196670.0
3858,24128.0
3859,191942.0
3860,221406.0
3861,260864.0
3862,230263.0
3864,150564.0
3865,129797.0
3867,158586.0
3868,175368.0
3869,60989.0
3873,8191.0
3875,233965.0
3878,246705.0
3881,181523.0
3882,133261.0
3884,146801.0
3885,275676.0
3887,365320.0
3888,137264.0
3891,352158.0
3893,356263.0
3894,300088.0
3895,282896.0
3897,309339.0
3899,87946.0
3901,89889.0
3902,147681.0
3904,147486.0
3905,77468.0
3906,192606.0
3907,211218.0
3910,219350.0
3911,7091.0
3912,15094.0
3914,369057.0
3916,102490.0
3917,257198.0
3918,25113.0
3919,238643.0
3921,196433.0
3922,316134.0
3924,288376.0
3925,114617.0
3926,372021.0
3927,193103.0
3928,176357.0
3930,270853.0
3931,340650.0
3932,98618.0
3935,191199.0
3936,304965.0
3937,269539.0
3938,255165.0
3942,243417.0
3944,32942.0
3945,160923.0
3947,129804.0
3948,261049.0
3951,301792.0
3953,41306.0
3956,120265.0
3957,141218.0
3958,157883.0
3960,124191.0
3962,180277.0
3965,203635.0
3967,180738.0
3971,297862.0
3976,10954.0
3977,248426.0
3980,289024.0
3981,162730.0
3983,106618.0
3984,149357.0
3985,342901.0
3986,27982.0
3987,72191.0
3989,343026.0
3990,39113.0
3992,235576.0
3993,147242.0
3996,372047.0
3997,199470.0
4002,364267.0
4004,329384.0
4009,98384.0
4010,348911.0
4014,248474.0
4015,50307.0
4017,124683.0
4018,182034.0
4019,1235.0
4021,195606.0
4022,244784.0
4023,338391.0
4024,264751.0
4027,215729.0
4030,347858.0
4032,67688.0
4037,329128.0
4038,18337.0
4040,216627.0
4041,317467.0
4044,129221.0
4051,110549.0
4054,332155.0
4056,341334.0
4060,305786.0
4061,110813.0
4062,306073.0
4063,368168.0
4065,266298.0
4067,192029.0
4068,14559.0
4069,110776.0
4070,25100.0
4073,87129.0
4074,71055.0
4077,353436.0
4078,323786.0
4079,352816.0
4082,17255.0
4084,291140.0
4085,244338.0
4086,124112.0
4088,360837.0
4089,280232.0
4090,53358.0
4091,181932.0
4092,94929.0
4093,138943.0
4094,237408.0
4095,354249.0
4097,245227.0
4098,236822.0
4099,22867.0
4101,32907.0
4103,139686.0
4107,30942.0
4108,192855.0
4111,125274.0
4112,70973.0
4114,26654.0
4116,215889.0
4118,344758.0
4121,64780.0
4122,324486.0
4123,276849.0
4124,333694.0
4131,219998.0
4132,317244.0
4136,310887.0
4138,91371.0
4141,95086.0
4142,40519.0
4144,278794.0
4146,143622.0
4148,167769.0
4153,362293.0
4155,167591.0
4157,116102.0
4159,108729.0
4160,235012.0
4161,152317.0
4162,128349.0
4164,365301.0
4165,99380.0
4166,212385.0
4170,4605.0
4173,313823.0
4174,257800.0
4175,28756.0
4178,315425.0
4181,327466.0
4182,71751.0
4184,66338.0
4187,218691.0
4188,230820.0
4190,228571.0
4191,34043.0
4196,92140.0
4198,304180.0
4200,199408.0
4202,173468.0
4206,271020.0
4208,189241.0
4209,256008.0
4211,22764.0
4212,208243.0
4214,155064.0
4217,299716.0
4218,245636.0
4220,246733.0
4221,71726.0
4222,96840.0
4224,16401.0
4227,351958.0
4229,52182.0
4230,275406.0
4231,353122.0
4235,323661.0
4236,339662.0
4237,287841.0
4239,98806.0
4240,36541.0
4242,343337.0
4243,183838.0
4244,261081.0
4250,225206.0
4252,93481.0
4253,220467.0
4255,61617.0
4261,127875.0
4262,193704.0
4263,334214.0
4264,366299.0
4267,106145.0
4271,248082.0
4273,250476.0
4278,38478.0
4279,330306.0
4281,1074.0
4282,144279.0
4287,357297.0
4288,45477.0
4289,44501.0
4290,123443.0
4292,138313.0
4294,266964.0
4295,25215.0
4296,105610.0
4297,359210.0
4298,40830.0
4299,71111.0
4302,346922.0
4303,324174.0
4306,13894.0
4307,303465.0
4308,141232.0
4310,87977.0
4311,240581.0
4312,370266.0
4315,56319.0
4318,255853.0
4321,9583.0
4322,357021.0
4323,159437.0
4325,201923.0
4326,261432.0
4327,140532.0
4328,370442.0
4329,65728.0
4330,279732.0
4331,124279.0
4333,2465.0
4336,328601.0
4340,368020.0
4342,62834.0
4343,209766.0
4344,265393.0
4345,306637.0
4346,347199.0
4350,124125.0
4351,57825.0
4354,259946.0
4355,91028.0
4356,103292.0
4357,335608.0
4358,298733.0
4359,346876.0
4361,250348.0
4363,58555.0
4365,258508.0
4366,7852.0
4367,218423.0
4369,301433.0
4371,349074.0
4373,91642.0
4375,208873.0
4376,250278.0
4377,282425.0
4381,279729.0
4382,199573.0
4388,266297.0
4389,230192.0
4391,238269.0
4396,6385.0
4397,70016.0
4399,346235.0
4402,366579.0
4403,87624.0
4404,25004.0
4405,133775.0
4406,253945.0
4409,48189.0
4413,2513.0
4414,128863.0
4416,85879.0
4417,347034.0
4418,337216.0
4421,131950.0
4424,357724.0
4425,350863.0
4428,252992.0
4429,168868.0
4430,267040.0
4431,269224.0
4433,290649.0
4435,317780.0
4437,54801.0
4438,276382.0
4439,154510.0
4440,254509.0
4441,86592.0
4443,86011.0
4446,165037.0
4447,150321.0
4449,35375.0
4452,58870.0
4454,6684.0
4455,50218.0
4456,52037.0
4457,74406.0
4458,296201.0
4461,299191.0
4464,152575.0
4469,258132.0
4473,165501.0
4474,201361.0
4475,71527.0
4477,144691.0
4478,225549.0
4479,266620.0
4480,308765.0
4482,251374.0
4483,255289.0
4484,318756.0
4485,332508.0
4487,112660.0
4488,227986.0
4489,50381.0
4492,27011.0
4493,89917.0
4496,320714.0
4497,116849.0
4498,168130.0
4499,301143.0
4500,296537.0
4501,42938.0
4502,369222.0
4504,199292.0
4505,190479.0
4506,241482.0
4507,71473.0
4510,310208.0
4511,169511.0
4514,252768.0
4517,112819.0
4518,141453.0
4521,360953.0
4522,130858.0
4523,312610.0
4524,296905.0
4525,123939.0
4526,55887.0
4528,145898.0
4529,121548.0
4530,272518.0
4533,199181.0
4536,300531.0
4538,80801.0
4539,140453.0
4540,157221.0
4541,14885.0
4542,187475.0
4543,79928.0
4545,156661.0
4546,236120.0
4547,245765.0
4548,362344.0
4552,19115.0
4553,142278.0
4556,226090.0
4558,303128.0
4559,268823.0
4560,93934.0
4563,19763.0
4568,15676.0
4569,304051.0
4571,14403.0
4572,323017.0
4574,282067.0
4575,72822.0
4577,139084.0
4578,328673.0
4579,162118.0
4580,41574.0
4582,168866.0
4584,199351.0
4585,252682.0
4586,160908.0
4589,331110.0
4591,154104.0
4592,147657.0
4593,157879.0
4594,78123.0
4596,205898.0
4598,299520.0
4599,142254.0
4602,155580.0
4604,209438.0
4606,173078.0
4608,343643.0
4609,137217.0
4610,346682.0
4611,280351.0
4614,353171.0
4615,48832.0
4616,216942.0
4617,319237.0
4620,336554.0
4621,295593.0
4623,41904.0
4624,298109.0
4625,220828.0
4630,79219.0
4631,145511.0
4632,112412.0
4634,271965.0
4635,59798.0
4636,55792.0
4637,275132.0
4638,968.0
4640,371553.0
4643,197293.0
4647,228761.0
4649,114753.0
4651,260579.0
4652,283087.0
4656,221184.0
4657,256429.0
4658,147004.0
4660,80552.0
4661,72570.0
4663,60751.0
4664,325276.0
4666,231305.0
4667,151814.0
4668,81275.0
4676,339750.0
4679,24609.0
4681,266715.0
4682,319199.0
4683,914.0
4684,2068.0
4686,132827.0
4687,285672.0
4688,49206.0
4689,163193.0
4690,10491.0
4691,255515.0
4693,141005.0
4697,351009.0
4698,239167.0
4699,88359.0
4700,141090.0
4701,83896.0
4702,102847.0
4703,98188.0
4706,106379.0
4709,130645.0
4710,230338.0
4712,265412.0
4713,217373.0
4715,35303.0
4717,213853.0
4718,356337.0
4720,92609.0
4721,308567.0
4725,362271.0
4728,35605.0
4729,56774.0
4730,275046.0
4732,265664.0
4736,148993.0
4739,103817.0
4740,18488.0
4742,244556.0
4743,11872.0
4745,370220.0
4746,156272.0
4747,85145.0
4749,35200.0
4751,55603.0
4754,34768.0
4756,286588.0
4757,367781.0
4760,4841.0
4762,315946.0
4764,11422.0
4766,203458.0
4767,290805.0
4768,113895.0
4769,140239.0
4771,62108.0
4773,106978.0
4774,63747.0
4775,276577.0
4776,334532.0
4777,276100.0
4778,277550.0
4780,262246.0
4781,264992.0
4782,48583.0
4790,314753.0
4791,113889.0
4792,253426.0
4793,196259.0
4796,241899.0
4797,45848.0
4798,162320.0
4799,112200.0
4803,103931.0
4805,65646.0
4806,202030.0
4809,359663.0
4810,192797.0
4814,241115.0
4815,155083.0
4816,168413.0
4818,162539.0
4819,74146.0
4820,91902.0
4822,135099.0
4824,293927.0
4825,160723.0
4827,228231.0
4828,361871.0
4833,224493.0
4834,71342.0
4835,161142.0
4836,231506.0
4838,257936.0
4839,360741.0
4841,66368.0
4842,42398.0
4845,8206.0
4851,88765.0
4852,10113.0
4853,117603.0
4861,216394.0
4865,174895.0
4866,78160.0
4867,88968.0
4868,285808.0
4871,18527.0
4874,310526.0
4875,296916.0
4879,95505.0
4881,232968.0
4883,288741.0
4884,76693.0
4885,282165.0
4886,24006.0
4887,55597.0
4889,229992.0
4892,91597.0
4893,211186.0
4895,309449.0
4896,249576.0
4899,135412.0
4901,53053.0
4903,77317.0
4905,124696.0
4907,227779.0
4910,212614.0
4912,265926.0
4914,87717.0
4915,191123.0
4916,355511.0
4917,99274.0
4921,107074.0
4922,48531.0
4924,359635.0
4925,2037.0
4933,339726.0
4940,215345.0
4941,77850.0
4942,367927.0
4943,46563.0
4946,59267.0
4950,155768.0
4951,130151.0
4954,30226.0
4956,155098.0
4957,228466.0
4962,136611.0
4964,105307.0
4965,315324.0
4966,197096.0
4967,138123.0
4968,28174.0
4970,110514.0
4971,173900.0
4972,354044.0
4973,350919.0
4976,322606.0
4979,166677.0
4981,243908.0
4985,36298.0
4986,75068.0
4988,340534.0
4992,69882.0
4994,354331.0
4998,338615.0
4999,53335.0
5002,106256.0
5004,175090.0
5005,373559.0
5007,318261.0
5011,224405.0
5020,287178.0
5021,97611.0
5022,49460.0
5024,297650.0
5025,184390.0
5027,155554.0
5028,125121.0
5031,347402.0
5032,29116.0
5034,242247.0
5037,184176.0
5040,360757.0
5041,317594.0
5043,11034.0
5044,372199.0
5045,98152.0
5050,5150.0
5053,247464.0
5055,70846.0
5056,118918.0
5059,366627.0
5061,75173.0
5062,187581.0
5063,184033.0
5064,223700.0
5066,312157.0
5068,368400.0
5070,143108.0
5071,215521.0
5075,150773.0
5076,333196.0
5078,271708.0
5080,372162.0
5081,19211.0
5083,228222.0
5085,348943.0
5089,38933.0
5091,224976.0
5094,359855.0
5095,71785.0
5099,266543.0
5102,59215.0
5103,338164.0
5104,178278.0
5108,269095.0
5109,894.0
5114,43962.0
5116,112608.0
5117,336569.0
5118,179319.0
5119,372548.0
5121,304870.0
5124,177139.0
5125,356202.0
5126,112851.0
5128,224774.0
5129,86349.0
5130,67913.0
5131,338542.0
5134,172813.0
5135,18631.0
5137,125821.0
5139,189373.0
5140,303705.0
5143,273747.0
5146,55741.0
5153,366987.0
5156,8596.0
5157,98546.0
5159,160587.0
5160,237324.0
5162,208272.0
5163,67329.0
5164,235566.0
5166,86847.0
5168,350304.0
5169,300727.0
5170,20610.0
5172,172434.0
5173,87071.0
5174,92814.0
5175,160055.0
5177,36781.0
5178,343991.0
5179,373633.0
5181,343231.0
5182,252184.0
5184,84621.0
5185,184972.0
5186,247631.0
5187,55291.0
5188,68379.0
5189,303973.0
5191,173164.0
5195,191740.0
5196,210075.0
5197,102135.0
5198,316955.0
5199,296959.0
5200,96932.0
5201,124548.0
5203,169825.0
5206,99525.0
5207,342225.0
5208,53636.0
5210,234992.0
5212,352430.0
5213,351901.0
5216,107515.0
5220,147856.0
5221,174278.0
5222,238942.0
5223,87766.0
5227,175948.0
5230,169795.0
5231,185394.0
5234,358563.0
5235,104384.0
5236,344746.0
5238,8869.0
5239,184779.0
5240,78628.0
5247,290283.0
5249,286613.0
5250,66565.0
5251,246299.0
5252,247573.0
5253,253858.0
5254,341916.0
5262,173583.0
5264,250345.0
5266,104113.0
5268,38802.0
5269,359568.0
5272,61050.0
5275,199201.0
5279,232344.0
5281,167362.0
5282,286189.0
5286,370256.0
5287,265911.0
5289,90644.0
5292,238106.0
5296,309678.0
5300,341499.0
5301,254663.0
5304,5207.0
5305,279801.0
5307,182188.0
5309,74468.0
5311,290327.0
5312,77149.0
5313,128457.0
5314,54505.0
5317,46725.0
5319,120492.0
5320,45116.0
5323,205863.0
5327,156501.0
5330,166464.0
5339,90785.0
5345,370798.0
5346,356748.0
5347,54479.0
5348,285353.0
5349,231033.0
5350,268903.0
5352,90091.0
5358,276596.0
5360,344308.0
5366,285332.0
5369,291786.0
5370,334910.0
5375,15442.0
5376,196968.0
5377,6829.0
5380,289768.0
5382,209418.0
5383,84037.0
5387,136162.0
5389,159073.0
5391,255367.0
5395,247727.0
5398,278243.0
5399,331465.0
5402,42163.0
5403,256518.0
5405,269795.0
5408,213875.0
5409,129975.0
5410,324657.0
5411,249183.0
5413,192923.0
5414,6552.0
5415,332270.0
5416,303927.0
5417,60327.0
5419,154813.0
5420,96956.0
5421,287657.0
5423,127140.0
5424,312780.0
5425,171809.0
5426,82659.0
5427,178320.0
5428,92416.0
5431,333728.0
5432,125887.0
5433,360774.0
5434,292120.0
5435,248186.0
5437,45239.0
5439,221955.0
5440,168314.0
5442,42434.0
5443,121604.0
5444,71984.0
5445,253111.0
5449,279435.0
5451,71558.0
5452,62975.0
5454,353966.0
5458,10630.0
5461,331215.0
5462,58513.0
5463,266600.0
5464,354785.0
5466,14871.0
5470,354555.0
5471,230029.0
5472,195945.0
5475,3338.0
5482,261209.0
5483,156641.0
5485,82931.0
5486,313696.0
5488,262674.0
5490,150524.0
5491,109909.0
5492,162056.0
5494,3088.0
5497,363489.0
5502,296900.0
5505,276739.0
5507,234408.0
5508,152740.0
5514,75639.0
5515,352516.0
5517,240478.0
5519,354194.0
5520,211413.0
5521,113514.0
5523,97989.0
5528,339899.0
5529,14689.0
5531,196818.0
5533,182864.0
5534,159225.0
5540,23825.0
5541,149586.0
5543,191902.0
5544,255058.0
5546,117186.0
5548,19365.0
5549,155978.0
5551,281996.0
5552,291585.0
5554,151154.0
5557,228801.0
5558,232053.0
5559,106897.0
5564,186383.0
5565,162923.0
5566,13713.0
5569,57993.0
5571,76262.0
5573,169531.0
5574,157603.0
5579,73143.0
5584,49571.0
5585,216712.0
5588,268259.0
5590,295021.0
5592,299419.0
5593,185064.0
5594,368594.0
5598,323755.0
5601,302404.0
5605,202837.0
5606,30427.0
5610,117598.0
5611,333209.0
5613,120301.0
5614,8498.0
5616,70619.0
5617,291034.0
5618,150213.0
5619,35181.0
5620,91812.0
5623,110923.0
5627,92569.0
5628,180993.0
5630,220931.0
5631,77225.0
5632,186678.0
5633,132852.0
5635,339238.0
5637,353539.0
5639,116412.0
5640,223461.0
5646,298244.0
5648,89696.0
5651,247794.0
5652,133809.0
5653,133989.0
5654,12022.0
5657,277976.0
5660,339953.0
5661,105438.0
5664,177320.0
5665,171516.0
5666,310079.0
5667,243341.0
5668,238245.0
5669,171920.0
5670,34656.0
5672,192991.0
5674,303606.0
5675,215856.0
5676,317468.0
5678,36303.0
5681,319063.0
5682,73346.0
5683,159572.0
5685,110020.0
5686,122603.0
5687,215094.0
5689,352052.0
5690,199845.0
5691,350627.0
5694,272961.0
5695,91291.0
5699,17293.0
5700,17809.0
5703,266348.0
5707,140621.0
5708,217546.0
5710,112369.0
5711,152130.0
5714,182135.0
5716,194783.0
5717,276563.0
5719,122475.0
5720,149703.0
5721,309055.0
5722,330293.0
5724,18159.0
5726,275160.0
5727,343620.0
5728,219633.0
5729,172884.0
5736,45790.0
5742,75196.0
5743,366727.0
5744,15048.0
5746,85472.0
5747,163814.0
5748,343909.0
5752,325677.0
5753,331079.0
5755,334117.0
5756,181098.0
5757,69322.0
5759,10178.0
5760,68725.0
5761,106714.0
5765,41225.0
5766,260033.0
5768,365658.0
5775,292462.0
5777,241403.0
5778,278286.0
5780,1410.0
5782,100462.0
5784,5735.0
5785,258871.0
5789,204951.0
5792,280957.0
5793,320964.0
5795,109570.0
5796,101827.0
5798,10157.0
5799,142031.0
5800,188488.0
5801,93559.0
5802,295940.0
5803,45654.0
5804,192141.0
5805,216169.0
5806,21140.0
5808,117157.0
5809,146891.0
5812,326814.0
5814,258840.0
5815,368848.0
5818,3652.0
5823,264435.0
5825,221384.0
5826,200918.0
5827,135032.0
5828,274949.0
5829,268240.0
5831,245717.0
5835,63483.0
5836,224560.0
5839,21592.0
5841,301684.0
5842,151403.0
5846,332037.0
5851,770.0
5854,121241.0
5855,190854.0
5857,370973.0
5859,21344.0
5861,150241.0
5862,357223.0
5863,31823.0
5870,24192.0
5874,30640.0
5875,92039.0
5876,69330.0
5878,66273.0
5880,164304.0
5883,134574.0
5884,120231.0
5885,227206.0
5886,18783.0
5888,247684.0
5891,184447.0
5894,313580.0
5895,108209.0
5897,248142.0
5900,63226.0
5901,322418.0
5903,212791.0
5904,289973.0
5907,277611.0
5908,185185.0
5912,168092.0
5915,18355.0
5922,263814.0
5923,57040.0
5926,219922.0
5928,197246.0
5929,213873.0
5930,186961.0
5932,80518.0
5933,358281.0
5934,58838.0
5935,341559.0
5938,355270.0
5939,296505.0
5940,363362.0
5944,272454.0
5951,338692.0
5953,260235.0
5955,247251.0
5957,254367.0
5958,144179.0
5959,233395.0
5961,221670.0
5964,348588.0
5965,105207.0
5967,229261.0
5969,262797.0
5971,35549.0
5975,366805.0
5977,22165.0
5978,20692.0
5979,224964.0
5981,331365.0
5983,99516.0
5985,225062.0
5987,20829.0
5988,180942.0
5990,229221.0
5993,60444.0
5996,194972.0
5998,302187.0
5999,277208.0
6000,339859.0
6002,299487.0
6003,36982.0
6004,2167.0
6005,219537.0
6007,61804.0
6008,80882.0
6010,66386.0
6011,9509.0
6014,152776.0
6015,96779.0
6017,309159.0
6018,88771.0
6020,218867.0
6021,263414.0
6023,301385.0
6029,224496.0
6030,112047.0
6031,181311.0
6032,223554.0
6033,245331.0
6034,262762.0
6035,190008.0
6036,302912.0
6037,357521.0
6038,188235.0
6044,224935.0
6045,349378.0
6046,25898.0
6047,159105.0
6050,115223.0
6051,25124.0
6054,298530.0
6055,172423.0
6056,294148.0
6057,317642.0
6058,232779.0
6060,152955.0
6063,186765.0
6067,20359.0
6070,215316.0
6071,282973.0
6072,322475.0
6075,235078.0
6076,194478.0
6077,318187.0
6080,200149.0
6082,365681.0
6087,145010.0
6088,194173.0
6089,4796.0
6093,224018.0
6094,47249.0
6095,8782.0
6099,97817.0
6101,148240.0
6103,120467.0
6104,191139.0
6107,330347.0
6108,306284.0
6111,337388.0
6112,81971.0
6113,78671.0
6114,10291.0
6118,325659.0
6120,95057.0
6121,98723.0
6122,132666.0
6123,306854.0
6124,263517.0
6125,73808.0
6126,203325.0
6128,130080.0
6129,145024.0
6131,231445.0
6132,356900.0
6133,170780.0
6135,93528.0
6136,164523.0
6139,260678.0
6141,43969.0
6143,59958.0
6145,112497.0
6146,316027.0
6147,290149.0
6148,46676.0
6150,188248.0
6151,309749.0
6152,63596.0
6154,252539.0
6157,166933.0
6159,44226.0
6160,55348.0
6165,185127.0
6166,165683.0
6167,24580.0
6169,373606.0
6174,89515.0
6176,279050.0
6177,314179.0
6178,165064.0
6180,344743.0
6181,61552.0
6183,213995.0
6186,231822.0
6188,14701.0
6191,6366.0
6192,349835.0
6194,215034.0
6195,312087.0
6196,146242.0
6198,373443.0
6199,121366.0
6200,192305.0
6201,289390.0
6203,18447.0
6205,135086.0
6207,144824.0
6208,101822.0
6210,335726.0
6211,342940.0
6212,360811.0
6213,315698.0
6214,52469.0
6216,85164.0
6217,286383.0
6219,52285.0
6220,191068.0
6221,332076.0
6223,78502.0
6224,103488.0
6225,297993.0
6226,59350.0
6228,312193.0
6230,308255.0
6232,120770.0
6233,3110.0
6234,327954.0
6235,341271.0
6236,250578.0
6237,247488.0
6239,229217.0
6240,156032.0
6241,272008.0
6243,239919.0
6245,58218.0
6249,33430.0
6250,139678.0
6252,103813.0
6253,287503.0
6259,350945.0
6261,340043.0
6262,26688.0
6263,223260.0
6264,97494.0
6266,322934.0
6267,147757.0
6268,94082.0
6270,120827.0
6271,33398.0
6274,64508.0
6277,160370.0
6278,146375.0
6282,204813.0
6283,6706.0
6284,254103.0
6287,57842.0
6289,241372.0
6291,89673.0
6293,162018.0
6294,267173.0
6296,143811.0
6297,288217.0
6298,358086.0
6300,184826.0
6304,466.0
6307,98756.0
6308,146893.0
6309,105836.0
6310,1603.0
6313,282950.0
6314,244263.0
6315,217935.0
6316,160813.0
6319,139148.0
6321,142131.0
6322,242081.0
6323,90165.0
6324,359951.0
6325,101255.0
6326,263231.0
6327,328596.0
6329,310406.0
6330,121387.0
6331,171835.0
6333,135668.0
6334,166529.0
6336,266239.0
6341,125826.0
6344,7834.0
6346,154358.0
6347,178228.0
6348,170069.0
6351,171742.0
6352,154732.0
6353,287455.0
6354,54813.0
6355,190664.0
6358,194710.0
6359,292954.0
6360,304249.0
6361,41804.0
6362,179408.0
6363,290144.0
6364,107741.0
6365,241700.0
6366,358127.0
6370,11896.0
6374,265321.0
6375,369564.0
6376,224348.0
6380,25889.0
6381,322828.0
6382,37177.0
6383,94945.0
6384,228959.0
6386,18144.0
6388,236374.0
6390,120043.0
6391,204434.0
6394,327935.0
6395,209036.0
6396,146382.0
6401,51601.0
6403,204381.0
6405,67207.0
6406,117949.0
6408,77818.0
6411,222871.0
6412,288444.0
6413,274635.0
6414,58138.0
6415,341837.0
6416,142320.0
6417,311476.0
6418,72937.0
6419,299884.0
6421,67587.0
6422,112407.0
6423,344802.0
6425,281344.0
6430,172922.0
6432,191315.0
6433,164706.0
6434,312226.0
6437,106787.0
6441,313446.0
6444,206612.0
6447,272147.0
6448,29795.0
6449,330286.0
6450,328000.0
6452,285913.0
6455,246272.0
6456,304056.0
6457,214342.0
6461,63091.0
6463,231854.0
6464,331363.0
6466,70896.0
6471,37188.0
6473,254965.0
6475,328957.0
6478,2477.0
6480,200312.0
6481,268803.0
6483,55778.0
6485,217089.0
6489,153619.0
6491,158020.0
6493,276661.0
6496,229229.0
6499,76145.0
6500,300195.0
6502,27338.0
6504,111630.0
6507,29188.0
6510,265723.0
6511,245794.0
6512,301262.0
6516,216053.0
6518,231762.0
6519,205984.0
6521,149370.0
6522,326172.0
6524,282772.0
6527,354198.0
6528,60531.0
6531,276707.0
6532,33590.0
6533,64704.0
6535,310706.0
6537,206250.0
6538,208722.0
6539,270059.0
6541,324399.0
6543,195259.0
6544,130511.0
6546,300859.0
6547,278279.0
6548,206622.0
6551,36777.0
6553,45161.0
6554,246866.0
6558,367082.0
6560,347947.0
6561,311583.0
6563,325392.0
6564,58091.0
6565,368401.0
6566,77306.0
6567,37162.0
6568,345966.0
6569,237795.0
6571,86529.0
6572,285344.0
6573,328705.0
6575,141869.0
6576,178218.0
6577,270331.0
6578,214999.0
6583,41506.0
6584,54153.0
6585,346638.0
6586,55020.0
6588,200134.0
6596,226270.0
6599,30180.0
6604,198585.0
6606,84410.0
6607,4985.0
6608,185370.0
6609,242685.0
6610,118922.0
6614,23271.0
6615,296598.0
6616,230635.0
6617,67157.0
6618,54967.0
6620,243285.0
6621,15092.0
6623,69027.0
6624,47704.0
6626,266460.0
6628,199795.0
6630,63860.0
6633,327478.0
6634,259163.0
6635,115643.0
6637,274916.0
6638,227089.0
6643,172439.0
6648,339127.0
6649,173300.0
6651,39627.0
6652,337343.0
6655,219952.0
6656,125039.0
6657,118859.0
6658,54712.0
6660,79295.0
6667,7478.0
6669,244058.0
6671,281196.0
6673,39376.0
6674,225744.0
6675,213120.0
6676,329097.0
6678,168349.0
6679,256042.0
6680,239202.0
6681,227501.0
6683,17281.0
6686,119536.0
6688,34346.0
6690,359606.0
6691,127278.0
6692,89291.0
6694,52436.0
6695,91616.0
6699,19972.0
6703,276429.0
6706,313573.0
6708,274722.0
6711,183644.0
6712,71689.0
6714,178031.0
6719,351115.0
6720,261012.0
6723,194776.0
6724,30797.0
6725,217408.0
6726,285510.0
6727,326324.0
6729,220551.0
6730,196298.0
6731,39357.0
6732,58017.0
6735,354618.0
6736,33600.0
6738,13657.0
6739,83849.0
6742,198636.0
6743,69131.0
6746,90373.0
6751,58713.0
6753,211747.0
6755,287317.0
6756,336852.0
6758,140396.0
6759,30980.0
6760,105506.0
6761,45171.0
6762,290886.0
6765,346458.0
6768,177135.0
6770,247558.0
6774,312405.0
6775,121534.0
6777,297290.0
6781,9754.0
6783,215646.0
6787,28139.0
6789,273135.0
6793,344783.0
6798,270253.0
6800,309890.0
6801,340054.0
6802,356428.0
6804,171925.0
6806,267134.0
6808,136271.0
6809,83748.0
6811,303918.0
6814,86140.0
6820,269722.0
6826,45646.0
6827,248095.0
6828,118388.0
6831,354377.0
6832,287969.0
6833,164617.0
6834,325979.0
6835,337486.0
6836,120697.0
6837,266702.0
6838,270509.0
6839,178414.0
6840,232904.0
6843,84968.0
6845,128027.0
6846,238023.0
6848,136928.0
6849,264870.0
6851,16984.0
6853,334002.0
6855,63182.0
6856,22952.0
6857,96147.0
6858,108679.0
6859,2270.0
6860,254296.0
6861,242194.0
6865,120084.0
6866,22524.0
6871,240517.0
6872,191470.0
6873,244334.0
6874,116245.0
6876,34270.0
6878,52616.0
6879,317846.0
6882,247605.0
6883,48216.0
6884,212023.0
6885,163918.0
6888,350366.0
6890,115167.0
6892,206985.0
6893,95894.0
6897,99330.0
6898,222907.0
6899,353687.0
6900,166275.0
6902,150878.0
6903,328412.0
6908,116164.0
6909,278846.0
6911,55723.0
6912,241777.0
6914,57503.0
6915,290145.0
6918,57809.0
6920,65273.0
6921,291596.0
6922,275330.0
6925,343763.0
6927,144377.0
6928,42403.0
6929,108003.0
6932,31940.0
6933,68830.0
6935,16652.0
6936,328907.0
6937,218014.0
6938,359496.0
6939,177054.0
6940,161396.0
6942,25121.0
6944,155589.0
6946,191169.0
6948,350851.0
6949,329927.0
6953,150946.0
6954,15277.0
6955,368158.0
6961,251583.0
6965,204394.0
6968,86325.0
6972,190437.0
6974,211709.0
6975,223009.0
6976,331909.0
6978,266095.0
6982,86403.0
6987,350676.0
6989,114548.0
6991,225978.0
6992,266936.0
6995,300180.0
6997,42818.0
6999,297793.0
7000,25088.0
7001,297644.0
7008,228752.0
7010,100171.0
7012,344177.0
7014,97901.0
7015,196436.0
7016,168084.0
7017,340845.0
7018,61271.0
7019,14163.0
7021,148772.0
7023,231316.0
7025,26613.0
7026,197126.0
7031,154240.0
7032,362361.0
7034,340065.0
7037,108248.0
7038,345721.0
7039,120354.0
7045,74702.0
7049,116037.0
7050,331981.0
7051,214011.0
7052,130324.0
7054,336634.0
7056,321651.0
7057,139642.0
7059,79176.0
7060,259281.0
7061,14605.0
7064,90777.0
7065,39406.0
7068,230783.0
7070,277557.0
7071,254014.0
7077,289709.0
7079,234709.0
7081,340074.0
7083,60980.0
7084,254143.0
7087,298408.0
7092,194354.0
7098,372616.0
7101,287935.0
7102,334271.0
7103,288805.0
7104,153298.0
7105,163821.0
7106,116906.0
7109,59947.0
7110,323540.0
7113,17570.0
7115,179895.0
7117,339144.0
7120,79597.0
7121,56536.0
7122,155094.0
7123,50167.0
7125,314250.0
7126,129190.0
7127,305268.0
7129,30476.0
7130,124350.0
7131,319975.0
7133,108489.0
7134,170337.0
7138,304355.0
7141,252798.0
7142,30441.0
7144,105366.0
7149,246434.0
7150,324913.0
7153,361139.0
7156,347527.0
7157,139716.0
7159,107866.0
7160,341859.0
7161,85593.0
7163,331519.0
7165,221130.0
7166,350219.0
7168,183750.0
7169,344942.0
7171,276628.0
7172,25077.0
7174,22860.0
7175,50784.0
7179,185924.0
7182,176065.0
7183,280056.0
7186,286353.0
7188,52081.0
7189,353084.0
7190,271603.0
7191,210235.0
7192,149170.0
7193,77458.0
7194,14161.0
7198,30124.0
7203,340775.0
7204,64548.0
7206,371702.0
7210,82325.0
7213,330233.0
7214,14116.0
7215,351882.0
7221,352466.0
7225,28279.0
7228,363719.0
7230,282095.0
7231,209616.0
7233,279796.0
7235,292820.0
7239,33537.0
7240,19475.0
7241,197134.0
7243,254129.0
7250,141820.0
7251,3413.0
7252,281604.0
7255,95085.0
7256,194901.0
7258,130143.0
7260,253851.0
7262,303327.0
7265,56698.0
7269,372410.0
7270,309832.0
7272,47184.0
7273,134083.0
7274,199265.0
7276,349130.0
7277,2258.0
7278,207157.0
7282,340385.0
7283,83618.0
7284,206979.0
7286,216288.0
7287,224132.0
7288,121580.0
7289,165959.0
7290,150240.0
7291,226416.0
7293,328023.0
7294,279782.0
7295,314432.0
7296,4534.0
7300,103284.0
7306,199179.0
7307,289309.0
7308,11746.0
7310,167315.0
7312,55294.0
7313,239390.0
7314,263376.0
7315,192174.0
7317,351574.0
7319,133714.0
7320,185834.0
7322,368431.0
7325,293548.0
7328,273969.0
7330,271521.0
7331,219294.0
7333,22920.0
7336,150664.0
7338,149681.0
7339,312622.0
7340,347538.0
7341,5949.0
7344,299977.0
7346,6225.0
7349,140130.0
7350,163279.0
7352,68275.0
7354,10902.0
7357,113999.0
7358,278101.0
7359,107916.0
7361,105477.0
7362,319825.0
7364,240045.0
7366,195517.0
7367,355146.0
7368,2646.0
7369,337694.0
7370,253496.0
7371,186800.0
7372,95623.0
7373,92683.0
7374,197834.0
7376,279499.0
7378,87724.0
7380,201901.0
7381,105904.0
7384,356722.0
7386,207136.0
7387,131996.0
7389,100966.0
7390,257536.0
7392,335872.0
7393,86336.0
7394,114536.0
7395,297080.0
7396,126220.0
7398,278535.0
7399,320632.0
7400,287952.0
7401,254106.0
7403,63639.0
7405,353794.0
7408,231017.0
7410,247406.0
7412,301335.0
7417,275992.0
7418,102917.0
7422,156768.0
7424,267420.0
7425,353535.0
7428,30787.0
7434,14945.0
7435,133629.0
7436,263163.0
7439,137845.0
7440,93752.0
7442,28725.0
7443,253359.0
7444,352203.0
7446,162628.0
7447,357809.0
7449,47433.0
7451,266630.0
7452,337869.0
7453,868.0
7455,275815.0
7456,295675.0
7457,298913.0
7458,170569.0
7459,204787.0
7461,87265.0
7462,137416.0
7464,137013.0
7467,283323.0
7468,122735.0
7470,27108.0
7471,270073.0
7474,360366.0
7480,56651.0
7482,260071.0
7483,77998.0
7484,99793.0
7485,78934.0
7486,108794.0
7488,183727.0
7489,342834.0
7491,91058.0
7493,42714.0
7495,205864.0
7496,239663.0
7498,338543.0
7499,103427.0
7500,79365.0
7507,222438.0
7508,84490.0
7509,196199.0
7514,354631.0
7516,41793.0
7517,130657.0
7521,181073.0
7522,78897.0
7525,160574.0
7527,370993.0
7529,202362.0
7530,282462.0
7531,43560.0
7532,124052.0
7533,84302.0
7535,358488.0
7538,20383.0
7541,48325.0
7542,209759.0
7546,330051.0
7548,112411.0
7551,267991.0
7553,362471.0
7555,274740.0
7557,143818.0
7558,69535.0
7563,329930.0
7564,36083.0
7566,191710.0
7567,251452.0
7569,9093.0
7570,365215.0
7571,141445.0
7572,300968.0
7573,5931.0
7579,194034.0
7580,212708.0
7581,180304.0
7587,221861.0
7588,16081.0
7590,162982.0
7591,256782.0
7593,120574.0
7594,16138.0
7596,284413.0
7600,300623.0
7602,268344.0
7603,239708.0
7604,309671.0
7605,109258.0
7606,303542.0
7608,342522.0
7610,136334.0
7612,367377.0
7613,89845.0
7615,30055.0
7618,320136.0
7621,85249.0
7623,23777.0
7624,104768.0
7625,206704.0
7626,111952.0
7627,163529.0
7631,278913.0
7634,345524.0
7635,6003.0
7641,10745.0
7643,187828.0
7644,24073.0
7646,125588.0
7647,79354.0
7649,51564.0
7650,144334.0
7653,230591.0
7660,171240.0
7661,330764.0
7662,164927.0
7664,354924.0
7668,334528.0
7669,184058.0
7671,100837.0
7672,153333.0
7673,271321.0
7674,231085.0
7675,293046.0
7676,201733.0
7679,51382.0
7681,99352.0
7682,326625.0
7683,113054.0
7687,177488.0
7688,33662.0
7690,353923.0
7692,326903.0
7694,333965.0
7695,117745.0
7696,16273.0
7697,300132.0
7698,29058.0
7702,128775.0
7704,180441.0
7707,250190.0
7710,185894.0
7712,103996.0
7713,44390.0
7714,30380.0
7716,122280.0
7718,126740.0
7722,365601.0
7723,125224.0
7724,33584.0
7726,24215.0
7727,146624.0
7728,268476.0
7731,263619.0
7733,32386.0
7734,307672.0
7735,18659.0
7736,192802.0
7737,159130.0
7738,336717.0
7739,347153.0
7741,145564.0
7748,84892.0
7750,142099.0
7751,150743.0
7754,75291.0
7755,159568.0
7756,248550.0
7757,336816.0
7759,165462.0
7760,110762.0
7765,22651.0
7766,262325.0
7767,191058.0
7768,358954.0
7769,140040.0
7775,205194.0
7776,42555.0
7777,258907.0
7780,55838.0
7782,323724.0
7787,187912.0
7789,366173.0
7790,38769.0
7793,156447.0
7795,252592.0
7796,327300.0
7797,269328.0
7798,221962.0
7800,230598.0
7802,360892.0
7803,59323.0
7805,349504.0
7806,238907.0
7810,99422.0
7811,295825.0
7812,85627.0
7814,215314.0
7815,42800.0
7816,209351.0
7817,263978.0
7821,106557.0
7823,68096.0
7824,152002.0
7827,184817.0
7830,41741.0
7831,351003.0
7832,35211.0
7833,235715.0
7836,319564.0
7839,20565.0
7840,52549.0
7841,7554.0
7842,169217.0
7845,274195.0
7854,22195.0
7855,106858.0
7856,210580.0
7857,361580.0
7859,185756.0
7860,298607.0
7863,279662.0
7865,205950.0
7866,311800.0
7867,35418.0
7875,335518.0
7877,316083.0
7878,156222.0
7882,65243.0
7883,250694.0
7891,109572.0
7893,228938.0
7894,207027.0
7896,13999.0
7897,289046.0
7898,77139.0
7901,336320.0
7902,79123.0
7903,75128.0
7905,67244.0
7906,225604.0
7907,347171.0
7908,135038.0
7917,18932.0
7918,116822.0
7919,106823.0
7923,333527.0
7924,358986.0
7927,224588.0
7930,135413.0
7931,6936.0
7932,61686.0
7933,14608.0
7935,46024.0
7936,336424.0
7938,102808.0
7939,73432.0
7940,193312.0
7942,224227.0
7950,250117.0
7951,95977.0
7952,146377.0
7953,250717.0
7955,46015.0
7957,64686.0
7959,158765.0
7963,332141.0
7964,39403.0
7968,60507.0
7971,349442.0
7973,20883.0
7974,240942.0
7977,236177.0
7978,165744.0
7982,157400.0
7983,168030.0
7984,89021.0
7985,144159.0
7989,164920.0
7991,330670.0
7992,88493.0
7995,271590.0
7997,218577.0
7998,81138.0
8000,253004.0
8002,30152.0
8003,196201.0
8005,110747.0
8006,162174.0
8007,325906.0
8011,348512.0
8012,274813.0
8014,250747.0
8015,62272.0
8019,302732.0
8020,318173.0
8022,21274.0
8023,228418.0
8025,169210.0
8027,60580.0
8029,335468.0
8030,250405.0
8034,272681.0
8037,68389.0
8038,283041.0
8039,38237.0
8041,251847.0
8042,54536.0
8043,38133.0
8044,42266.0
8046,223165.0
8047,309967.0
8050,157132.0
8051,31880.0
8053,294371.0
8054,20251.0
8058,260076.0
8059,116486.0
8064,315375.0
8065,102848.0
8066,291847.0
8067,266323.0
8070,53548.0
8071,128993.0
8074,39719.0
8075,362209.0
8076,303056.0
8077,19037.0
8078,139791.0
8079,326783.0
8080,222123.0
8081,119323.0
8082,144966.0
8087,153606.0
8089,251081.0
8091,326844.0
8095,261780.0
8100,55996.0
8103,341584.0
8104,282745.0
8105,164869.0
8108,147154.0
8109,160975.0
8110,219279.0
8111,106632.0
8112,106830.0
8113,368130.0
8115,85881.0
8118,314531.0
8119,372011.0
8124,336594.0
8131,143235.0
8134,309095.0
8135,371294.0
8137,247706.0
8138,257518.0
8139,11606.0
8144,293688.0
8145,289016.0
8146,353760.0
8147,291150.0
8151,67616.0
8152,1833.0
8153,19186.0
8154,277583.0
8155,69435.0
8156,186546.0
8157,172164.0
8158,147866.0
8160,177612.0
8162,327392.0
8164,183665.0
8167,309889.0
8169,282014.0
8170,208644.0
8172,338784.0
8173,179005.0
8176,204140.0
8178,85832.0
8179,333168.0
8180,18008.0
8183,221138.0
8185,136619.0
8186,55396.0
8187,360575.0
8188,244107.0
8189,259004.0
8192,234031.0
8195,160910.0
8196,289902.0
8199,236720.0
8202,23453.0
8203,61198.0
8205,265232.0
8207,54564.0
8208,249600.0
8209,224814.0
8211,102412.0
8212,176330.0
8216,318027.0
8218,132577.0
8220,215419.0
8221,112215.0
8222,122024.0
8223,354130.0
8226,354058.0
8227,48362.0
8228,35743.0
8230,44916.0
8232,132141.0
8233,358561.0
8237,85143.0
8239,104314.0
8242,49381.0
8245,71102.0
8246,298761.0
8247,172260.0
8249,41979.0
8250,329267.0
8254,62601.0
8255,91875.0
8258,116508.0
8260,362507.0
8261,365065.0
8262,292704.0
8263,136935.0
8264,22224.0
8266,342702.0
8268,3333.0
8270,136149.0
8272,50782.0
8273,62362.0
8275,103532.0
8278,256577.0
8281,152887.0
8282,87699.0
8283,164513.0
8284,10948.0
8285,197217.0
8288,143335.0
8290,87878.0
8291,325725.0
8298,370457.0
8300,4891.0
8301,75375.0
8302,343897.0
8305,347635.0
8306,64367.0
8308,89279.0
8309,58900.0
8310,195304.0
8311,31381.0
8312,74639.0
8313,257367.0
8321,66468.0
8322,233605.0
8323,360771.0
8327,32195.0
8328,162094.0
8331,117488.0
8333,187083.0
8335,77627.0
8338,261984.0
8339,151552.0
8341,106161.0
8343,103062.0
8345,186196.0
8347,292789.0
8348,121490.0
8350,226923.0
8352,17693.0
8354,188594.0
8356,198497.0
8358,7733.0
8359,162592.0
8360,291015.0
8361,201478.0
8362,85455.0
8363,274867.0
8364,238439.0
8366,2586.0
8367,225076.0
8369,340908.0
8370,207736.0
8372,107207.0
8374,163719.0
8376,166561.0
8377,371680.0
8379,332590.0
8380,62536.0
8383,358277.0
8385,61575.0
8388,85886.0
8390,201523.0
8391,37837.0
8393,180488.0
8395,37718.0
8396,108821.0
8397,283478.0
8399,325986.0
8401,371140.0
8402,148715.0
8403,38856.0
8405,90439.0
8413,349861.0
8414,223809.0
8415,363153.0
8421,47378.0
8422,364905.0
8425,258821.0
8428,209040.0
8431,339773.0
8437,65363.0
8438,79891.0
8439,289347.0
8442,46364.0
8443,269282.0
8445,336942.0
8447,325633.0
8448,263521.0
8449,279719.0
8450,293752.0
8454,49773.0
8455,236037.0
8456,353710.0
8458,136108.0
8459,356451.0
8460,284483.0
8461,114203.0
8468,193970.0
8469,124381.0
8471,216623.0
8473,328434.0
8475,12933.0
8478,4339.0
8480,130592.0
8481,308759.0
8484,342717.0
8485,219082.0
8487,260959.0
8491,81632.0
8494,30878.0
8499,307627.0
8500,111692.0
8501,245696.0
8503,206719.0
8504,324360.0
8505,117428.0
8511,92126.0
8512,39947.0
8514,275943.0
8515,147770.0
8518,257480.0
8520,139062.0
8521,259658.0
8524,191396.0
8526,338802.0
8527,186607.0
8529,340264.0
8530,41646.0
8531,37368.0
8533,310216.0
8535,362127.0
8536,22198.0
8539,269167.0
8541,86943.0
8542,243828.0
8544,246984.0
8549,17635.0
8550,14948.0
8551,86085.0
8552,323352.0
8553,287127.0
8554,264862.0
8557,288939.0
8558,160835.0
8560,254659.0
8561,329429.0
8563,158174.0
8566,178019.0
8568,346626.0
8574,222892.0
8578,339557.0
8579,77146.0
8580,260185.0
8581,91549.0
8582,230109.0
8584,373628.0
8585,225628.0
8592,81726.0
8593,266342.0
8594,236825.0
8595,44024.0
8596,251690.0
8597,137333.0
8599,134796.0
8605,292142.0
8606,99501.0
8608,314600.0
8609,309810.0
8611,78375.0
8612,22066.0
8616,342942.0
8619,166660.0
8622,233812.0
8623,164450.0
8625,153087.0
8628,95249.0
8629,119905.0
8630,259593.0
8631,33940.0
8632,72173.0
8633,363021.0
8635,234207.0
8636,65322.0
8638,288354.0
8639,106313.0
8642,216870.0
8644,216428.0
8645,43704.0
8646,91250.0
8647,245671.0
8649,69623.0
8651,368382.0
8657,7577.0
8659,80467.0
8660,81775.0
8661,169557.0
8663,39464.0
8664,233410.0
8665,4460.0
8666,199615.0
8668,203963.0
8670,22841.0
8674,112666.0
8676,129953.0
8680,358021.0
8682,43766.0
8685,326454.0
8686,104397.0
8687,229400.0
8689,82630.0
8692,2147.0
8694,326629.0
8698,25581.0
8700,329776.0
8701,236647.0
8702,73203.0
8705,78696.0
8709,336299.0
8710,111008.0
8711,211491.0
8714,283764.0
8715,91278.0
8718,303648.0
8720,294736.0
8721,284250.0
8723,278797.0
8726,325366.0
8728,121621.0
8730,198159.0
8732,182013.0
8735,490.0
8737,118700.0
8738,262526.0
8741,257908.0
8743,281376.0
8744,203560.0
8745,78139.0
8746,35329.0
8747,147097.0
8749,91656.0
8750,325797.0
8751,34912.0
8752,78584.0
8753,305652.0
8754,60798.0
8755,126157.0
8756,285024.0
8758,244112.0
8763,75420.0
8767,371427.0
8768,248575.0
8769,291756.0
8771,371841.0
8772,370516.0
8773,281646.0
8774,200863.0
8775,261603.0
8776,273475.0
8778,83349.0
8779,12711.0
8782,42376.0
8783,285451.0
8784,171866.0
8785,192315.0
8787,327487.0
8789,187671.0
8793,220122.0
8794,217983.0
8795,135792.0
8797,327237.0
8798,102189.0
8800,107653.0
8802,358966.0
8803,71929.0
8806,182516.0
8809,75902.0
8811,93213.0
8812,193640.0
8813,108249.0
8816,181395.0
8818,210026.0
8819,109748.0
8821,353320.0
8822,34604.0
8823,11113.0
8825,202310.0
8832,134271.0
8833,25365.0
8836,275881.0
8837,61594.0
8838,13457.0
8839,311892.0
8841,3322.0
8842,182953.0
8843,272215.0
8844,371948.0
8845,179805.0
8847,31203.0
8850,360651.0
8853,114144.0
8854,234005.0
8855,230535.0
8857,53281.0
8859,133276.0
8860,121163.0
8865,268564.0
8866,9980.0
8868,285600.0
8869,144005.0
8871,261973.0
8872,95617.0
8874,317767.0
8875,198955.0
8878,264996.0
8879,250429.0
8880,246059.0
8881,179297.0
8883,218471.0
8885,355181.0
8886,252272.0
8887,64199.0
8888,356988.0
8889,169969.0
8890,271165.0
8893,146736.0
8895,111435.0
8896,224847.0
8900,291936.0
8902,254587.0
8904,88590.0
8908,26658.0
8909,285047.0
8910,29629.0
8911,316705.0
8912,150471.0
8913,206576.0
8915,274066.0
8918,309916.0
8919,321280.0
8922,155192.0
8923,239637.0
8925,126563.0
8926,312704.0
8928,280037.0
8929,246483.0
8932,264607.0
8935,15318.0
8936,181678.0
8938,282970.0
8943,364736.0
8944,245061.0
8946,47221.0
8950,7153.0
8952,3474.0
8953,49198.0
8954,298584.0
8956,154602.0
8961,134820.0
8962,365453.0
8966,264980.0
8968,129125.0
8970,288320.0
8971,360244.0
8972,317365.0
8973,104348.0
8974,192628.0
8978,150415.0
8979,323513.0
8980,5890.0
8981,171357.0
8982,142820.0
8986,106166.0
8989,236791.0
8990,165673.0
8991,325176.0
8994,131193.0
8997,313738.0
8998,315116.0
9000,87647.0
9001,146003.0
9002,173262.0
9006,340803.0
9008,257078.0
9012,238340.0
9014,251265.0
9015,301675.0
9016,85208.0
9021,118395.0
9023,106015.0
9024,8013.0
9025,319433.0
9027,72472.0
9028,147106.0
9029,352389.0
9032,165432.0
9034,337097.0
9035,266627.0
9037,272708.0
9039,309461.0
9041,143635.0
9042,250625.0
9043,91506.0
9045,363038.0
9047,244602.0
9048,78965.0
9050,255623.0
9051,154506.0
9054,78468.0
9058,68364.0
9059,26723.0
9060,366668.0
9061,237313.0
9062,344893.0
9064,272456.0
9065,92158.0
9066,343742.0
9068,105606.0
9069,364268.0
9071,204034.0
9073,21450.0
9074,309917.0
9075,262884.0
9079,176633.0
9081,122037.0
9082,2330.0
9085,360280.0
9087,181322.0
9088,227865.0
9099,268131.0
9100,10490.0
9106,6658.0
9109,215174.0
9111,176008.0
9114,102650.0
9117,235732.0
9118,33072.0
9123,26759.0
9124,100946.0
9126,95546.0
9127,288708.0
9131,110161.0
9134,137636.0
9135,88337.0
9137,33110.0
9140,227165.0
9145,190068.0
9146,99156.0
9148,111728.0
9149,85346.0
9152,20666.0
9153,197815.0
9155,280587.0
9159,233673.0
9160,69937.0
9162,236198.0
9163,167493.0
9165,299501.0
9166,98429.0
9169,172532.0
9170,334695.0
9171,343663.0
9172,322509.0
9176,110709.0
9177,305931.0
9180,274693.0
9182,146212.0
9183,254460.0
9185,220121.0
9186,188738.0
9187,156411.0
9188,109616.0
9189,140447.0
9192,272914.0
9193,221568.0
9195,324101.0
9196,17531.0
9200,320264.0
9206,352013.0
9208,176349.0
9209,17584.0
9210,123926.0
9213,36572.0
9214,44721.0
9217,305997.0
9218,67456.0
9223,182475.0
9224,118815.0
9225,233629.0
9226,8962.0
9228,348585.0
9231,240427.0
9233,135614.0
9240,355254.0
9243,33365.0
9244,354162.0
9248,191227.0
9251,258617.0
9252,277089.0
9253,1690.0
9254,199746.0
9255,288770.0
9256,280302.0
9257,249256.0
9259,115146.0
9260,175668.0
9261,227476.0
9264,288517.0
9265,224204.0
9267,201110.0
9268,320949.0
9270,179227.0
9271,316618.0
9272,114170.0
9275,119095.0
9276,210627.0
9278,33713.0
9279,340841.0
9280,215302.0
9281,255136.0
9283,210442.0
9285,127600.0
9286,213322.0
9294,190642.0
9295,46356.0
9298,188878.0
9303,295112.0
9304,312565.0
9305,335776.0
9306,192948.0
9307,94597.0
9308,139751.0
9309,169530.0
9312,31882.0
9317,40501.0
9318,268999.0
9321,91474.0
9323,137101.0
9324,253423.0
9325,307409.0
9327,165533.0
9328,41553.0
9331,276568.0
9332,113112.0
9333,20139.0
9334,204116.0
9337,185494.0
9338,358758.0
9339,348997.0
9342,77126.0
9344,247451.0
9345,321403.0
9347,127382.0
9350,80061.0
9351,204043.0
9352,312996.0
9353,127002.0
9354,45344.0
9356,304294.0
9357,210281.0
9359,251292.0
9360,37897.0
9361,86498.0
9363,231057.0
9364,172480.0
9365,128051.0
9367,111718.0
9369,40862.0
9372,354877.0
9376,227918.0
9377,259670.0
9378,317097.0
9381,201086.0
9382,182655.0
9383,370202.0
9384,66171.0
9385,317743.0
9386,195061.0
9387,222567.0
9388,182055.0
9389,263940.0
9392,331985.0
9393,280692.0
9396,307149.0
9399,1517.0
9403,145840.0
9405,178132.0
9407,278015.0
9409,212700.0
9411,101390.0
9413,60698.0
9416,364778.0
9418,244640.0
9420,132328.0
9421,287617.0
9426,220864.0
9428,102399.0
9429,258108.0
9430,329860.0
9431,32244.0
9432,327977.0
9433,341269.0
9435,128070.0
9436,2917.0
9437,216886.0
9440,286713.0
9441,271543.0
9442,309747.0
9446,184517.0
9450,156195.0
9451,54377.0
9456,182287.0
9461,153358.0
9462,13564.0
9464,40875.0
9465,233521.0
9468,262181.0
9470,319245.0
9471,257340.0
9473,225075.0
9476,337285.0
9478,97904.0
9480,190142.0
9481,52789.0
9483,86099.0
9488,252574.0
9489,165394.0
9490,342136.0
9491,224960.0
9495,73241.0
9498,115306.0
9500,125909.0
9501,305291.0
9502,96131.0
9503,203032.0
9506,26552.0
9508,298838.0
9511,311162.0
9512,149160.0
9513,371793.0
9514,5637.0
9515,130777.0
9518,318802.0
9521,96584.0
9522,198302.0
9524,120284.0
9525,104811.0
9526,168011.0
9527,178187.0
9528,74519.0
9535,196999.0
9536,327224.0
9539,42458.0
9540,175058.0
9542,66515.0
9543,366775.0
9546,65681.0
9549,41375.0
9551,257361.0
9554,49614.0
9555,332668.0
9557,174311.0
9559,333949.0
9561,329109.0
9564,283181.0
9565,296887.0
9570,220561.0
9574,228247.0
9575,136501.0
9577,257137.0
9579,149343.0
9583,114300.0
9586,181144.0
9588,224446.0
9589,270098.0
9593,251895.0
9594,247967.0
9595,346271.0
9596,141969.0
9598,96183.0
9602,42002.0
9605,250453.0
9610,64804.0
9615,15031.0
9616,134757.0
9618,192468.0
9621,307774.0
9623,201649.0
9627,122751.0
9628,363002.0
9632,308454.0
9633,74139.0
9634,333521.0
9637,12618.0
9638,359251.0
9640,17824.0
9641,219879.0
9642,20857.0
9643,291220.0
9648,370708.0
9653,180914.0
9654,336158.0
9655,21563.0
9658,1288.0
9661,149521.0
9663,355109.0
9664,125642.0
9665,171061.0
9667,272173.0
9668,142063.0
9669,148325.0
9670,257193.0
9671,140241.0
9674,232913.0
9677,56028.0
9678,233380.0
9680,118341.0
9681,362185.0
9683,215315.0
9684,667.0
9686,315315.0
9688,320652.0
9689,367413.0
9692,202721.0
9693,355370.0
9697,297415.0
9698,341505.0
9699,177592.0
9701,119486.0
9702,81683.0
9704,128741.0
9706,164021.0
9708,217327.0
9709,296552.0
9713,53186.0
9714,197041.0
9718,299471.0
9720,297400.0
9723,39912.0
9724,15841.0
9729,118550.0
9730,352670.0
9734,197978.0
9735,77329.0
9739,56072.0
9740,237804.0
9745,147412.0
9746,145946.0
9747,114901.0
9749,24927.0
9750,206011.0
9751,160265.0
9752,193078.0
9753,295849.0
9755,184160.0
9756,83318.0
9757,20847.0
9758,287366.0
9759,359413.0
9760,182642.0
9762,294205.0
9764,171540.0
9765,149956.0
9766,3453.0
9768,372502.0
9771,125832.0
9772,43484.0
9773,121824.0
9774,137069.0
9778,195030.0
9779,178090.0
9780,16735.0
9781,360349.0
9784,345716.0
9787,364831.0
9788,280470.0
9789,271081.0
9791,254322.0
9792,372958.0
9793,32170.0
9794,175721.0
9795,283777.0
9799,131482.0
9803,343706.0
9804,1846.0
9805,350.0
9807,64945.0
9811,121437.0
9813,1015.0
9818,338789.0
9821,43577.0
9822,318183.0
9823,172779.0
9824,142795.0
9825,272276.0
9826,202139.0
9828,80404.0
9829,1675.0
9830,77992.0
9832,162593.0
9833,367858.0
9834,71002.0
9837,866.0
9840,210896.0
9842,86488.0
9844,286602.0
9846,231642.0
9847,230299.0
9856,363382.0
9859,40639.0
9860,11216.0
9863,50217.0
9864,186024.0
9865,109564.0
9867,357717.0
9869,354465.0
9870,143657.0
9872,21094.0
9873,257927.0
9875,86534.0
9879,28679.0
9881,72849.0
9882,156247.0
9883,290407.0
9884,370330.0
9886,354030.0
9887,313295.0
9888,62956.0
9889,299706.0
9890,319974.0
9892,330069.0
9893,185120.0
9894,160204.0
9895,185247.0
9897,228029.0
9898,74383.0
9900,243812.0
9904,29513.0
9905,333920.0
9906,358358.0
9908,298442.0
9909,44944.0
9913,288811.0
9916,101516.0
9919,289008.0
9924,307698.0
9927,199876.0
9928,173166.0
9929,129157.0
9931,274637.0
9934,218335.0
9935,297348.0
9936,230085.0
9939,62540.0
9940,143187.0
9941,171056.0
9942,303175.0
9945,89534.0
9949,48428.0
9954,143639.0
9958,106518.0
9962,73554.0
9965,136296.0
9966,233496.0
