,entry_id,e_signed,predicted_results
0,6495937,0,1
1,2299475,1,1
2,4822403,0,1
3,7060498,1,1
4,2699789,0,1
5,4311351,1,1
6,3054334,0,0
7,5634938,1,1
8,7573188,1,0
9,7047275,1,0
10,6612010,1,1
11,7617208,1,1
12,7604504,1,0
13,7945852,1,0
14,3327080,0,0
15,3383119,0,0
16,6234126,0,0
17,6093659,0,1
18,3232076,0,0
19,6061458,1,1
20,9835665,0,1
21,2548242,0,0
22,5255804,0,1
23,6144551,1,1
24,1566038,1,1
25,7243487,1,1
26,7570629,0,1
27,2477388,1,0
28,8647139,0,0
29,4527917,1,0
30,9367088,1,0
31,9406399,1,1
32,9283293,0,1
33,2966552,0,0
34,5683458,1,1
35,8131694,1,1
36,1774647,0,0
37,8256117,0,1
38,9523242,1,1
39,1322198,0,0
40,9376015,0,0
41,6324098,1,0
42,3582093,0,1
43,1146420,1,1
44,4944310,0,1
45,3159692,1,1
46,3871675,0,0
47,1118433,1,0
48,4451117,0,0
49,9172427,0,0
50,4215129,1,0
51,5967055,0,0
52,3675587,1,0
53,8023382,0,1
54,1389313,1,0
55,2689034,1,1
56,6023755,1,1
57,5066903,0,1
58,9348662,1,0
59,6059651,1,1
60,7440704,1,1
61,9547970,1,1
62,6333397,0,0
63,2953172,0,0
64,2711141,0,1
65,8545119,1,0
66,1191815,1,0
67,7170825,0,0
68,2666178,0,1
69,3345415,0,0
70,7660629,1,1
71,3193068,1,1
72,8178073,0,0
73,9942207,1,1
74,3777405,1,1
75,1170537,1,0
76,2825822,0,1
77,2813072,0,1
78,2420177,1,1
79,8324854,1,1
80,1473950,1,0
81,3877558,1,1
82,8623983,0,1
83,2799023,0,0
84,8441823,0,0
85,6428052,0,0
86,9319325,1,1
87,3219956,1,1
88,9837553,1,1
89,6884521,0,0
90,6726508,0,0
91,4785491,1,0
92,1834025,1,1
93,8591502,1,0
94,6863103,1,0
95,3414297,0,1
96,7002790,0,1
97,7568381,1,1
98,4693597,0,0
99,8854164,1,1
100,2742460,1,1
101,1225954,0,1
102,6434113,1,0
103,2599493,0,1
104,6889460,1,1
105,1114070,0,0
106,5315737,1,1
107,5140623,1,1
108,8295524,0,1
109,4731924,1,1
110,7613690,0,1
111,7198255,1,0
112,6866453,0,1
113,2890270,0,0
114,7483636,1,1
115,9545483,1,0
116,5458247,1,1
117,3045732,0,0
118,5112372,1,1
119,6002567,1,1
120,1505124,0,1
121,9057665,1,1
122,3866685,1,1
123,5969377,1,0
124,3836366,1,0
125,7903783,1,1
126,1111600,1,1
127,1342800,0,0
128,8915972,0,1
129,5289627,1,1
130,8523609,0,1
131,1423581,1,0
132,4614659,1,0
133,3189985,0,1
134,7110785,1,1
135,8695758,1,0
136,9193048,1,1
137,7972282,0,0
138,3838707,1,1
139,3046368,1,1
140,4077828,1,0
141,7011304,1,1
142,1587912,1,1
143,5791625,0,0
144,8248706,0,0
145,3496700,1,1
146,9071787,0,1
147,7302208,0,1
148,4473622,1,0
149,4733042,0,1
150,4357627,0,0
151,2357970,1,1
152,6577095,1,1
153,7444955,1,1
154,4571915,1,1
155,1625621,0,0
156,2829324,0,0
157,4785204,1,1
158,1808576,0,0
159,7739788,1,0
160,4861926,0,0
161,7333734,1,1
162,7172541,1,1
163,8287991,0,1
164,2461825,1,1
165,4365612,0,0
166,2458523,1,0
167,2171173,0,1
168,6097129,0,0
169,4311902,0,1
170,6711553,1,1
171,2678590,0,0
172,5319354,1,1
173,1829648,0,1
174,2253141,1,1
175,5462238,0,0
176,6989346,1,1
177,4504714,0,0
178,8627017,0,1
179,8224481,1,1
180,7021115,1,1
181,3894668,1,0
182,3499861,1,1
183,6206830,1,1
184,9323397,1,0
185,6021284,1,1
186,3966721,1,1
187,8890830,0,0
188,3750385,1,0
189,5858970,0,1
190,5108693,0,0
191,4535141,1,0
192,5948469,0,1
193,3477985,0,0
194,3290066,1,0
195,3294928,0,1
196,6796489,0,1
197,8962905,0,0
198,1480226,1,0
199,2955140,0,1
200,4209463,0,1
201,3659756,1,1
202,7409992,0,1
203,7640514,1,1
204,5733957,1,1
205,7994550,0,1
206,1512353,1,0
207,9476632,1,0
208,3094474,1,0
209,8695396,1,0
210,4925109,0,1
211,2971478,1,0
212,4342792,0,1
213,5735722,0,1
214,2965573,0,1
215,9846699,0,0
216,7723740,0,0
217,4930799,1,0
218,5231903,0,0
219,2266114,0,1
220,4642246,1,1
221,2716086,0,0
222,3090101,0,1
223,1383498,0,0
224,3733763,1,1
225,6945022,0,0
226,7792250,0,1
227,3021991,1,0
228,9244453,0,1
229,6011090,1,1
230,8878509,1,1
231,8333042,0,0
232,5920084,0,1
233,4960296,1,1
234,1754282,1,1
235,3326868,0,0
236,9370310,0,0
237,3214515,1,1
238,4256678,1,1
239,3265322,1,1
240,3765900,1,1
241,4861046,0,1
242,2977725,1,1
243,9531861,1,0
244,1706028,1,0
245,9478708,0,1
246,3317660,0,1
247,2294700,0,0
248,2798290,0,0
249,5639461,1,1
250,8671817,0,0
251,1475556,0,1
252,2015174,1,1
253,5969346,0,1
254,8178937,1,1
255,1530828,0,1
256,2747687,1,1
257,8624862,1,1
258,9417188,0,1
259,5981546,1,0
260,9092917,1,1
261,9415277,0,0
262,2280093,0,1
263,4577704,1,1
264,3169728,0,0
265,8279066,0,1
266,8067398,1,1
267,1988488,0,0
268,2117523,1,1
269,7314191,1,1
270,5690019,0,1
271,5405397,1,1
272,5420334,0,0
273,3552809,1,1
274,7626652,1,0
275,5486000,0,1
276,8390610,0,1
277,8338642,1,1
278,8144585,1,1
279,6480821,0,1
280,4460048,1,1
281,9652999,1,1
282,4775992,1,1
283,2809987,1,1
284,2758512,0,1
285,9081143,0,0
286,8177323,1,1
287,7598257,1,1
288,9271318,1,1
289,2931138,0,0
290,2641806,0,0
291,7554230,1,1
292,3260062,1,1
293,6383560,1,1
294,7932878,1,0
295,2253739,1,1
296,7575708,1,1
297,1687969,0,0
298,7331510,0,0
299,1288670,0,0
300,7828477,0,0
301,7183701,0,1
302,6964638,0,0
303,8030678,1,0
304,5846273,0,0
305,2199594,0,1
306,7683491,0,0
307,2207778,1,0
308,5377524,1,0
309,9152011,0,0
310,6380250,1,0
311,4928009,1,1
312,4290871,1,0
313,6108919,0,0
314,4242976,0,1
315,4151729,0,1
316,7458929,0,1
317,9679755,1,1
318,3652326,0,1
319,7289750,1,1
320,7949113,1,0
321,7334117,1,0
322,3800876,1,1
323,3512434,1,1
324,7599787,0,0
325,6071005,1,1
326,7118808,0,1
327,7757827,1,1
328,3059398,1,1
329,5769161,1,1
330,9552482,1,1
331,2609543,1,0
332,8995364,0,0
333,6497005,0,0
334,1292152,1,0
335,2744698,1,1
336,5215889,1,1
337,3664751,0,1
338,1479740,0,1
339,7048911,0,0
340,3445405,1,1
341,1834384,0,0
342,8613539,0,1
343,7090479,0,0
344,4467714,1,1
345,6043703,0,0
346,3105184,1,1
347,2804306,0,0
348,4895105,0,1
349,7018657,0,0
350,8746611,0,1
351,9358531,0,0
352,6832578,1,1
353,8427040,1,1
354,4931442,0,1
355,8049562,1,1
356,3080534,1,0
357,2339245,0,1
358,5360179,1,1
359,9787566,1,1
360,4037301,0,0
361,5355052,1,1
362,4417052,1,1
363,8762475,0,1
364,5750396,1,0
365,6058293,1,1
366,9253337,1,0
367,1489516,1,1
368,2042006,1,1
369,6375569,0,1
370,1289753,1,1
371,1733729,1,1
372,2108078,0,1
373,6077772,1,0
374,3679671,0,0
375,6559671,1,1
376,7327887,0,0
377,9714178,0,1
378,8719664,1,0
379,3019939,0,1
380,2168329,1,0
381,9400345,1,1
382,9384070,1,0
383,1329178,0,1
384,5212688,1,0
385,9865001,0,1
386,2285006,0,0
387,7716821,0,1
388,7215935,1,0
389,7566460,0,0
390,9382923,0,0
391,4640270,1,1
392,2973016,1,1
393,1782045,1,1
394,8071796,1,1
395,2669390,0,0
396,7982632,1,0
397,4051403,1,1
398,6065355,1,1
399,5404004,0,0
400,6477722,0,0
401,9205645,0,1
402,1725780,1,1
403,1492784,0,0
404,2178392,1,1
405,1876314,1,1
406,6509634,1,1
407,6667709,0,0
408,7177448,0,1
409,2768697,0,0
410,6130954,0,0
411,6407727,1,1
412,4312944,0,0
413,4727527,1,0
414,5008370,1,1
415,9210535,0,1
416,6179413,0,0
417,6401226,0,1
418,8346470,1,1
419,3164648,1,1
420,4142342,0,1
421,4773680,0,1
422,8289215,1,1
423,9713355,0,0
424,7601072,1,1
425,3841896,1,0
426,9393198,1,1
427,7911163,0,0
428,6186483,1,1
429,2179516,1,0
430,8535255,1,0
431,8047611,1,1
432,3487499,1,0
433,4672216,0,0
434,4977888,1,1
435,5640931,1,0
436,5055388,1,1
437,9093624,1,1
438,2438245,1,1
439,1809357,1,0
440,8628020,0,1
441,3085680,1,0
442,6687103,0,1
443,7895490,1,0
444,1891870,0,0
445,7808620,1,1
446,9217693,1,1
447,7974274,1,1
448,5046782,1,1
449,4861319,1,1
450,7487289,0,0
451,8362827,1,1
452,3976715,0,0
453,9479366,1,1
454,8305754,0,0
455,5227365,0,1
456,6267619,1,1
457,2597786,1,1
458,7297611,1,1
459,5406017,1,1
460,4494764,1,1
461,4170906,1,1
462,7149588,1,1
463,3742603,1,1
464,9326111,1,0
465,4306513,1,0
466,9127911,0,1
467,6574405,0,1
468,9084853,0,0
469,4887719,0,0
470,2106545,0,0
471,6827194,1,1
472,6920994,0,0
473,4216734,1,1
474,5364190,1,1
475,1241695,0,0
476,3593241,1,1
477,3165455,0,1
478,4495346,1,1
479,3708620,0,0
480,4012091,1,0
481,3205548,1,1
482,1816024,1,1
483,7281612,0,0
484,6591652,1,1
485,7366249,1,0
486,8230091,1,1
487,2170638,1,0
488,2102860,1,1
489,6863675,1,1
490,3903400,0,0
491,5517583,1,1
492,4591777,1,1
493,2231395,0,0
494,3003395,0,1
495,9159098,1,0
496,5406199,0,0
497,6735189,0,1
498,2750085,1,1
499,3035007,1,1
500,8135797,1,1
501,5053074,0,0
502,1215931,1,1
503,5328025,1,1
504,8251253,1,1
505,7227999,1,1
506,1872781,0,0
507,3187124,0,0
508,6015713,0,0
509,4274577,0,0
510,6565926,1,0
511,2637475,1,1
512,8221640,0,0
513,2881304,1,0
514,5974592,1,1
515,8388084,1,1
516,7514681,0,0
517,1719038,1,1
518,4921583,0,1
519,1326053,1,1
520,9572069,1,1
521,4614898,0,0
522,1712100,0,0
523,7708338,0,1
524,5985152,0,1
525,2161463,1,1
526,1932904,0,1
527,5612086,0,1
528,2723739,0,0
529,5404691,0,1
530,6123334,1,1
531,7807713,1,0
532,7052309,1,1
533,6755440,1,1
534,3778238,0,1
535,2487889,0,1
536,6865002,0,0
537,1408689,0,1
538,6430227,0,0
539,8782098,1,1
540,5432413,1,1
541,2229956,0,0
542,7744027,1,1
543,9003791,1,0
544,9865705,0,0
545,7080966,1,1
546,7416612,0,1
547,8339497,0,0
548,8355563,0,1
549,5170592,1,1
550,8515555,1,0
551,4352796,0,1
552,1407611,1,1
553,9312161,0,0
554,2555330,0,0
555,8555965,1,1
556,2467742,1,1
557,3766910,1,0
558,1672273,0,0
559,6245104,0,0
560,8923101,0,1
561,9597187,1,1
562,5920237,1,1
563,8417556,0,0
564,4986932,1,0
565,2570249,1,0
566,3124938,1,0
567,2010779,0,0
568,6433446,0,0
569,2100808,1,1
570,8576960,0,0
571,8950963,1,1
572,4307456,0,1
573,6583966,0,1
574,8722076,0,1
575,2525033,1,1
576,4048244,1,1
577,6280167,1,1
578,9580434,1,1
579,8279535,1,1
580,6283363,1,1
581,6363784,1,1
582,8769130,1,1
583,3456612,0,0
584,1231775,0,1
585,1488357,1,1
586,3748684,1,1
587,8396121,0,0
588,8821909,1,1
589,9480108,1,1
590,8195400,0,1
591,3668711,0,0
592,8190376,1,1
593,7727850,0,0
594,7539801,1,1
595,5029640,1,0
596,7466648,1,1
597,5491983,1,1
598,7977725,0,1
599,9588604,0,0
600,7333173,1,0
601,8974966,1,1
602,7339567,0,0
603,2501354,1,0
604,1471794,1,1
605,6404998,1,1
606,3387831,1,1
607,7076715,1,1
608,5255771,0,0
609,9354858,0,1
610,8846477,1,1
611,4440730,1,1
612,5038981,0,0
613,3923466,1,1
614,7254045,1,1
615,9759851,0,1
616,6136308,1,1
617,8896244,1,1
618,6752970,1,1
619,9705555,1,1
620,8532425,0,0
621,1545041,0,1
622,1668693,0,0
623,1959032,0,1
624,6504448,0,1
625,4000334,1,0
626,2700425,1,0
627,9530608,1,1
628,1848202,1,1
629,2512232,1,1
630,3345146,1,1
631,5462622,1,1
632,7284344,0,1
633,4825556,1,0
634,4579853,0,1
635,7314432,1,1
636,8242502,0,1
637,8916872,0,1
638,2390585,0,0
639,3828726,0,1
640,5694892,0,1
641,8796738,0,0
642,8689638,1,1
643,2328397,0,1
644,6802765,1,1
645,7628573,1,1
646,6773866,1,1
647,3982482,0,1
648,9162863,0,0
649,7382781,0,0
650,3496246,1,1
651,7376779,0,1
652,5667034,0,1
653,7146815,0,0
654,5703056,0,0
655,7991876,1,1
656,1469690,0,1
657,6334493,1,1
658,3038315,0,0
659,5475488,1,1
660,2291906,0,0
661,4362390,1,1
662,9588689,1,0
663,9857511,1,1
664,8151105,0,0
665,6122040,1,0
666,7997931,0,1
667,1337933,1,1
668,2595497,1,1
669,9312152,1,1
670,6464076,0,0
671,5383261,1,0
672,4895897,0,1
673,2266723,1,1
674,1827946,1,0
675,3005830,0,1
676,1271407,1,1
677,6374824,1,1
678,9259535,1,0
679,7043190,0,1
680,9814931,0,0
681,1296947,0,0
682,5434861,1,1
683,5904754,0,1
684,4492490,1,1
685,1633491,1,1
686,6004541,1,1
687,9234410,1,0
688,7715266,0,0
689,2245245,1,1
690,8671617,1,1
691,8712974,0,0
692,3889401,1,0
693,3890740,1,1
694,9833815,0,0
695,7593369,0,1
696,1529223,0,1
697,1112315,1,1
698,8041013,0,0
699,2342376,1,1
700,2699747,1,1
701,8632173,1,0
702,7116204,0,1
703,2791004,1,1
704,4127413,1,1
705,6064677,1,1
706,5967375,1,1
707,6807716,0,1
708,3585438,1,1
709,3240399,1,1
710,1350162,0,0
711,7676344,1,1
712,4508237,1,1
713,3215684,1,1
714,5408259,0,0
715,6032697,1,1
716,9814992,0,1
717,9360799,0,0
718,6035972,1,1
719,2105203,1,1
720,4511902,0,1
721,4672675,1,1
722,3419410,1,1
723,6992244,0,0
724,9103093,1,0
725,6698011,0,1
726,7391641,1,1
727,2781260,1,0
728,1187334,0,1
729,9384491,1,0
730,2435364,1,1
731,8323756,1,1
732,9841220,0,0
733,9427230,0,1
734,4499912,0,1
735,7374234,1,1
736,3850512,1,1
737,6778954,0,0
738,3203289,0,0
739,2804561,1,0
740,5079535,0,0
741,3545823,0,1
742,7565029,1,1
743,2250756,1,1
744,6520497,0,1
745,7831017,1,1
746,1159933,1,1
747,9742389,0,0
748,3912428,1,1
749,8323072,1,1
750,3988834,0,0
751,9231943,0,1
752,2453340,1,1
753,2819065,1,1
754,4737690,1,1
755,9209967,1,0
756,8415640,1,1
757,8136075,0,1
758,4629324,0,1
759,6659692,1,1
760,4898709,0,0
761,4131497,0,1
762,6675326,1,1
763,4645579,0,0
764,8853470,1,1
765,9845153,1,1
766,9540557,0,0
767,3039302,0,0
768,9303498,0,1
769,7239874,0,0
770,9625138,1,1
771,8472035,0,1
772,5896278,0,1
773,7507843,0,1
774,2098437,0,1
775,9366165,0,1
776,6439811,1,1
777,6477952,0,0
778,8236192,0,1
779,6521033,0,0
780,9298598,1,1
781,4632963,0,0
782,8412409,0,1
783,7504482,1,1
784,9545555,1,1
785,4007692,0,1
786,9369093,0,1
787,8510251,1,1
788,5080761,0,0
789,3177591,0,0
790,3259810,0,0
791,7606927,1,1
792,8868038,1,1
793,8468764,1,1
794,7579250,1,1
795,4228071,0,1
796,9559604,0,1
797,7687565,1,1
798,4831229,0,0
799,1313381,1,1
800,1402020,0,1
801,4460585,0,1
802,3014714,0,1
803,6231857,0,1
804,4711867,0,1
805,1935896,0,1
806,8583559,1,1
807,6267714,0,1
808,8985572,1,1
809,2322822,1,1
810,3221271,1,1
811,5525375,1,1
812,6216391,1,0
813,7470766,0,1
814,1453044,1,0
815,7785568,0,1
816,2383162,0,1
817,6282157,0,0
818,9159408,0,1
819,6509449,1,1
820,8719174,1,0
821,7144923,1,1
822,2539041,1,1
823,3132076,0,0
824,9773694,0,1
825,4063440,0,1
826,9404107,0,0
827,8393298,1,0
828,4557860,0,1
829,7692123,1,1
830,3979128,1,1
831,6860110,0,0
832,9562161,0,0
833,3528036,1,1
834,3125045,1,1
835,7953702,1,0
836,7876233,1,1
837,6674827,0,1
838,3838968,0,1
839,5116647,1,1
840,3349357,1,1
841,9750484,1,1
842,4958485,1,1
843,3896648,0,0
844,3264232,0,0
845,8852308,1,0
846,3292274,1,1
847,3882004,0,1
848,7984899,1,0
849,9085746,0,1
850,7178834,0,0
851,5633353,1,0
852,2753911,1,0
853,7548803,1,1
854,5169182,0,1
855,5660189,0,0
856,6034921,1,1
857,4927592,0,1
858,4846691,0,1
859,9978797,0,1
860,3589944,0,1
861,3752750,1,1
862,4424825,0,0
863,3680680,0,1
864,3220855,1,1
865,1656355,1,1
866,9914388,1,0
867,5929192,1,1
868,7929241,0,1
869,5339472,0,1
870,3044223,1,1
871,4966385,1,1
872,1162494,0,1
873,8639051,0,0
874,8032478,0,1
875,4077776,1,0
876,7065617,0,1
877,7230184,1,1
878,2819716,0,1
879,3515050,0,1
880,2311542,1,1
881,8193548,1,0
882,2721956,1,1
883,5097881,0,0
884,6387530,1,1
885,6491251,1,1
886,1699667,0,0
887,3340119,0,0
888,5076859,1,1
889,2358341,0,0
890,5792630,1,0
891,8980712,1,1
892,5382253,0,1
893,8279352,1,1
894,2793180,0,1
895,5710791,1,0
896,1281507,0,0
897,1244977,0,0
898,1987118,1,0
899,2633781,1,0
900,6907654,0,0
901,3897697,1,0
902,2559753,1,1
903,3473998,0,0
904,7187416,1,1
905,3596244,0,1
906,8934296,0,0
907,5188822,1,0
908,9595021,0,1
909,6719214,0,1
910,5583001,0,1
911,6136587,0,1
912,2241656,0,0
913,6902179,1,0
914,7164379,0,1
915,2320575,0,1
916,4176804,1,1
917,4293791,0,0
918,4600334,1,1
919,6363420,1,0
920,9281877,0,0
921,7033665,1,0
922,7355705,0,0
923,4916741,1,1
924,7833425,1,1
925,4317816,0,1
926,2596490,1,1
927,8441211,0,1
928,8100304,1,1
929,7642433,0,0
930,5304972,1,1
931,2447038,1,0
932,6955930,1,1
933,3557065,1,1
934,9765233,1,1
935,9035411,1,1
936,7131131,1,1
937,3735958,1,0
938,8081462,0,0
939,2793145,1,1
940,6174163,0,1
941,3684865,1,0
942,8598264,1,1
943,3902625,0,0
944,1963747,1,1
945,6625369,1,1
946,5053093,1,1
947,5796350,0,0
948,1922705,1,1
949,1932655,1,1
950,1570091,1,0
951,1996720,0,0
952,2524159,1,1
953,8460009,0,0
954,4256522,0,0
955,6087156,1,1
956,3863868,0,1
957,4242376,1,0
958,3262850,1,1
959,7535112,0,1
960,8986153,1,1
961,6422517,1,1
962,4078915,1,1
963,1579622,0,0
964,5126781,1,1
965,9313478,1,1
966,6103022,0,1
967,1507865,1,1
968,3975529,1,1
969,3369901,1,0
970,2596261,1,1
971,1835064,1,0
972,1341234,1,1
973,9055772,1,1
974,3895202,0,1
975,6675777,1,1
976,8731731,0,0
977,2140209,0,0
978,8435183,1,1
979,5609367,0,1
980,5646234,1,1
981,2433197,0,1
982,4711498,1,1
983,2062958,1,1
984,3952149,0,1
985,8677138,1,0
986,7481581,1,1
987,4725309,1,1
988,7574560,0,1
989,3316684,0,0
990,8416539,0,0
991,7537835,1,1
992,5072325,0,1
993,7331222,0,1
994,4276145,0,1
995,2205586,1,0
996,2062196,0,0
997,2430824,0,0
998,6870234,1,0
999,7646473,1,1
1000,1469923,1,1
1001,3663970,1,1
1002,3576995,1,1
1003,7918365,1,1
1004,9579656,1,1
1005,5896278,1,1
1006,3728671,0,1
1007,2602703,0,0
1008,8775859,1,1
1009,2013450,1,1
1010,3834882,1,1
1011,4791769,0,0
1012,7352099,0,1
1013,5478296,0,1
1014,5439764,0,1
1015,4291774,1,0
1016,8678024,1,0
1017,1256266,1,0
1018,3451811,1,1
1019,4392299,1,1
1020,2790351,1,1
1021,4758475,1,0
1022,2753435,1,1
1023,5116683,0,0
1024,3005304,0,0
1025,9251489,0,1
1026,2689587,1,1
1027,6128903,1,1
1028,8107297,1,0
1029,2951393,1,1
1030,1204640,0,1
1031,9751265,1,1
1032,9585710,0,0
1033,6154552,1,1
1034,8431738,1,1
1035,1950765,1,0
1036,5596648,1,0
1037,1658087,0,0
1038,2193576,1,0
1039,8149150,1,0
1040,2926659,0,1
1041,8280990,1,1
1042,5421126,0,1
1043,3694156,1,1
1044,5005004,0,1
1045,2618346,1,0
1046,1582693,1,0
1047,2512202,0,1
1048,8594066,0,1
1049,9806883,0,1
1050,6875382,0,1
1051,8153730,1,1
1052,9347077,1,0
1053,3860500,1,1
1054,9050360,1,1
1055,6463120,0,0
1056,4948941,1,1
1057,7185364,1,1
1058,5237930,1,1
1059,2809004,1,1
1060,4536884,1,1
1061,2452241,0,1
1062,2560519,1,1
1063,9412630,0,0
1064,6750166,0,0
1065,5187804,0,1
1066,9503227,0,0
1067,5999265,0,1
1068,5166873,0,0
1069,3240672,1,0
1070,6701122,0,1
1071,5921407,1,1
1072,7184081,1,1
1073,4378557,1,1
1074,6342799,1,1
1075,6579873,0,0
1076,8528266,1,1
1077,2290559,0,1
1078,9412946,1,1
1079,3103692,0,1
1080,7572388,0,1
1081,7849406,1,0
1082,6653143,0,0
1083,3251212,0,1
1084,7845344,1,1
1085,8566328,1,0
1086,1753615,1,1
1087,9455251,0,1
1088,1994386,1,0
1089,4299544,1,0
1090,3007881,1,0
1091,9869147,1,0
1092,3415666,0,1
1093,5534297,1,1
1094,8947076,0,1
1095,3769730,1,1
1096,9897905,0,1
1097,8407618,1,1
1098,2754261,1,1
1099,9811833,1,1
1100,8771549,0,0
1101,4163850,0,1
1102,8563866,1,1
1103,6200035,1,1
1104,6707064,0,0
1105,8490936,1,0
1106,3634045,0,1
1107,2464535,1,1
1108,7535042,0,0
1109,9301398,0,0
1110,6248402,0,0
1111,6129965,1,1
1112,9784714,1,1
1113,3758842,1,0
1114,1781698,1,1
1115,6412780,0,0
1116,6023682,1,1
1117,9451353,1,1
1118,6367434,1,0
1119,6238409,1,1
1120,8628182,0,0
1121,6055430,1,0
1122,8929914,1,0
1123,9799733,1,1
1124,7062673,1,0
1125,8106891,0,1
1126,7566598,0,0
1127,6513681,1,1
1128,3356338,0,1
1129,6407288,0,0
1130,1255205,0,1
1131,4962814,0,1
1132,4048627,1,1
1133,2487942,0,0
1134,4249806,0,0
1135,2542984,0,0
1136,3390353,0,0
1137,2850098,0,1
1138,2009764,0,1
1139,8481180,0,0
1140,2922143,1,1
1141,7781229,1,0
1142,9512492,1,0
1143,9444170,0,1
1144,1288219,0,0
1145,7767209,0,1
1146,1415770,0,0
1147,2842718,1,1
1148,1550976,0,1
1149,8095885,1,0
1150,3916516,1,0
1151,8120284,0,0
1152,1839884,0,0
1153,3279469,1,0
1154,1618359,1,0
1155,1718777,0,1
1156,5113361,0,0
1157,6781131,0,0
1158,3464550,1,0
1159,6682486,1,1
1160,2219513,0,1
1161,8629363,0,1
1162,7352198,1,1
1163,8527324,1,1
1164,8382052,1,1
1165,7373311,0,1
1166,4823535,1,1
1167,8809306,0,0
1168,3084764,0,0
1169,5703487,1,0
1170,8575702,1,1
1171,7253272,1,1
1172,1220457,1,1
1173,5827901,0,1
1174,3080768,1,1
1175,3587310,1,1
1176,2173521,1,1
1177,3907332,0,0
1178,8501881,1,1
1179,3905610,1,1
1180,1181852,1,1
1181,8135271,1,0
1182,1976921,1,1
1183,8939122,1,1
1184,3121424,0,0
1185,9736732,1,1
1186,1621201,0,1
1187,1326680,0,1
1188,7291131,1,1
1189,5206348,0,0
1190,4151960,0,1
1191,1706888,1,0
1192,5861572,0,0
1193,9806402,0,0
1194,8337407,1,0
1195,9887695,0,1
1196,8212483,1,1
1197,5574181,0,0
1198,6427339,1,1
1199,9297124,0,1
1200,2728084,1,1
1201,3942573,0,0
1202,5035228,0,1
1203,9211636,0,1
1204,7100872,1,1
1205,4545854,0,0
1206,7729293,0,1
1207,2400065,0,0
1208,6299019,0,1
1209,6553169,0,1
1210,5444680,0,1
1211,6205479,0,1
1212,8612167,1,1
1213,9552862,0,1
1214,8131177,0,0
1215,6859829,1,1
1216,7838842,0,0
1217,3479567,0,1
1218,5413098,0,0
1219,7330027,1,0
1220,1790020,1,0
1221,2268149,0,1
1222,8469936,0,1
1223,6056016,0,1
1224,3365534,0,1
1225,1905867,0,0
1226,5464388,1,1
1227,8019383,1,1
1228,7021422,1,1
1229,6148809,0,1
1230,5190565,0,0
1231,6235249,1,1
1232,1348769,1,1
1233,1531542,1,0
1234,1732604,1,0
1235,3359500,0,0
1236,9270923,1,1
1237,9687424,1,1
1238,7650908,1,0
1239,8604240,0,1
1240,7748807,1,1
1241,3683336,0,0
1242,4488901,0,0
1243,3646671,1,1
1244,1775922,1,0
1245,9393416,1,0
1246,5633775,0,1
1247,7034176,0,0
1248,7038807,0,1
1249,2406449,1,1
1250,7625959,1,1
1251,7201514,1,0
1252,8724056,1,1
1253,3526967,1,0
1254,2301687,0,1
1255,8707525,0,1
1256,2264034,1,1
1257,1845073,1,1
1258,5041715,0,1
1259,5301325,0,0
1260,3943571,0,0
1261,2689240,1,0
1262,9508920,1,1
1263,5982823,1,1
1264,8425265,0,0
1265,9065463,1,1
1266,8359533,0,1
1267,2687555,1,0
1268,6128590,1,1
1269,9135071,1,1
1270,8214533,0,0
1271,3864706,1,1
1272,3391291,0,0
1273,8939661,1,1
1274,9020033,1,1
1275,4356708,0,0
1276,6023634,0,0
1277,3994506,0,0
1278,2120242,0,0
1279,2285370,1,1
1280,1438409,0,0
1281,3304564,1,1
1282,8621198,0,0
1283,7267959,1,1
1284,9031307,0,1
1285,8208377,1,0
1286,7581933,1,1
1287,8773392,1,1
1288,9630383,1,1
1289,8607991,0,0
1290,2441110,1,1
1291,2458647,1,1
1292,1424382,1,0
1293,6778048,1,1
1294,7018695,0,1
1295,9508490,0,1
1296,7381659,1,0
1297,6559778,0,1
1298,3163582,0,0
1299,6920367,0,0
1300,6871209,0,1
1301,8201403,1,1
1302,2978700,0,0
1303,2453828,1,0
1304,8893200,0,0
1305,4091387,0,1
1306,6048131,1,1
1307,2808125,0,0
1308,4564003,0,0
1309,7298970,0,0
1310,5165692,1,0
1311,1506751,1,1
1312,5889376,1,1
1313,1892315,0,0
1314,2602766,1,1
1315,6592551,0,0
1316,9627999,0,0
1317,7843594,0,0
1318,9133054,0,0
1319,2925086,0,0
1320,4466932,1,1
1321,6881872,0,1
1322,5354072,1,1
1323,9542787,1,1
1324,3054486,1,1
1325,8154699,1,1
1326,7964730,1,1
1327,1183907,0,1
1328,8033275,1,1
1329,7247303,1,1
1330,7089882,1,1
1331,4408412,0,0
1332,4035508,1,0
1333,8082734,0,1
1334,7685809,0,1
1335,5126833,1,1
1336,6104387,1,1
1337,2399717,1,1
1338,5780253,1,1
1339,6656748,0,1
1340,3915227,1,1
1341,5969674,1,1
1342,3690844,1,1
1343,6224125,1,0
1344,5483512,0,0
1345,8026352,0,1
1346,4691332,1,1
1347,9689646,1,1
1348,2312923,0,1
1349,6573545,0,1
1350,9444033,1,1
1351,8507113,0,0
1352,8935152,0,0
1353,2148138,0,1
1354,3402818,1,1
1355,7866129,1,1
1356,6794294,1,1
1357,8697755,0,1
1358,9382240,1,1
1359,6352885,1,1
1360,7055429,0,0
1361,1466028,1,1
1362,4904430,0,1
1363,6999834,0,1
1364,1763268,0,1
1365,1332043,0,0
1366,8036864,1,1
1367,7175118,1,1
1368,9293008,1,1
1369,8325771,1,1
1370,3558291,1,1
1371,6025012,1,1
1372,1614288,1,0
1373,4745965,0,0
1374,7313808,1,1
1375,2877019,0,0
1376,6247348,1,1
1377,8976142,0,0
1378,9193735,1,1
1379,2106007,0,1
1380,2680811,0,0
1381,8377582,1,1
1382,9600499,0,0
1383,2140324,1,1
1384,3641465,1,1
1385,4939373,0,0
1386,8655385,0,1
1387,5398834,0,0
1388,2942193,0,0
1389,1130326,1,1
1390,7184823,1,0
1391,7152580,1,1
1392,4545317,1,1
1393,6021784,0,0
1394,7299839,1,1
1395,2462700,0,0
1396,3086336,0,0
1397,5397738,0,0
1398,3941958,0,1
1399,5123982,1,1
1400,9009405,1,1
1401,5970197,1,1
1402,3268853,1,1
1403,4124563,1,1
1404,5839201,0,1
1405,3123697,1,1
1406,8050493,1,0
1407,5103841,1,0
1408,6696186,0,1
1409,1684145,0,1
1410,4580947,0,1
1411,8743125,1,0
1412,6305780,0,1
1413,6203888,0,1
1414,9804187,0,0
1415,2643081,0,0
1416,1216426,1,1
1417,6980336,1,1
1418,7319689,1,0
1419,8381791,1,1
1420,8862613,1,1
1421,5140856,0,0
1422,3412896,0,0
1423,3578938,1,0
1424,8840613,0,1
1425,5262102,0,1
1426,9750603,1,1
1427,1786853,1,1
1428,2878184,1,1
1429,6215553,1,1
1430,2206211,0,1
1431,3199380,1,1
1432,4688632,0,0
1433,2688200,1,0
1434,6914956,0,0
1435,8669701,0,1
1436,6467430,1,0
1437,5884741,0,0
1438,9685547,1,1
1439,3047243,1,0
1440,2631946,1,0
1441,1193433,1,1
1442,2360466,1,0
1443,9775441,1,0
1444,4783080,0,0
1445,4935837,0,0
1446,5062666,0,1
1447,5543512,1,1
1448,6837584,0,0
1449,4991941,1,1
1450,7046207,1,1
1451,2683149,1,1
1452,5031303,1,0
1453,8758779,1,0
1454,6534419,1,1
1455,9777521,0,1
1456,8798199,1,1
1457,2808974,1,0
1458,6376466,0,1
1459,5721432,1,1
1460,2232065,0,1
1461,4416683,0,0
1462,7378778,0,0
1463,1366112,0,0
1464,2518194,0,0
1465,5481229,1,1
1466,5619830,1,0
1467,8402782,1,1
1468,1352713,1,1
1469,7658216,1,0
1470,3728853,0,0
1471,7336933,0,0
1472,2887266,0,1
1473,3460987,0,0
1474,7559242,1,1
1475,4242167,0,0
1476,3571296,1,1
1477,4634971,0,1
1478,2591822,0,1
1479,3459477,0,1
1480,1135102,1,1
1481,2194047,0,0
1482,2326526,0,1
1483,4035953,1,1
1484,7351035,1,1
1485,2484262,0,0
1486,2032934,1,1
1487,6128146,0,1
1488,8733299,1,1
1489,2786363,1,1
1490,6299467,0,1
1491,8544722,0,0
1492,8668351,1,1
1493,5486143,1,1
1494,1354305,1,1
1495,8555673,0,1
1496,5443323,1,0
1497,7561227,1,1
1498,2291333,0,1
1499,6128642,0,1
1500,6340917,0,1
1501,9630599,1,0
1502,8011968,1,1
1503,9033642,1,0
1504,2932235,1,0
1505,5096971,1,1
1506,3688991,1,0
1507,8123401,1,0
1508,8914526,1,0
1509,2381384,0,1
1510,7459904,0,1
1511,3407738,1,1
1512,3620673,1,1
1513,8260075,1,0
1514,7869262,1,1
1515,3203796,0,0
1516,8810608,0,1
1517,2368777,0,1
1518,5859838,0,0
1519,9981890,1,1
1520,8357317,1,1
1521,5804291,1,1
1522,6373043,1,1
1523,4574300,1,1
1524,5714386,1,1
1525,7187757,1,1
1526,3368275,0,1
1527,8725575,0,1
1528,2640777,1,1
1529,3390650,0,0
1530,3369933,1,1
1531,8576800,1,1
1532,9158593,1,1
1533,6013426,0,0
1534,2165073,1,0
1535,2659670,0,0
1536,1939991,1,1
1537,9526740,0,1
1538,8878454,0,1
1539,7911724,0,1
1540,1669662,0,1
1541,3519981,0,0
1542,8313949,0,1
1543,4016153,1,0
1544,8665151,0,1
1545,5120804,1,0
1546,2682942,0,0
1547,8407076,0,1
1548,6074648,1,1
1549,4274021,1,1
1550,8796058,0,1
1551,7424966,1,1
1552,1309896,0,0
1553,2082479,0,0
1554,4444250,1,1
1555,7105293,1,1
1556,7421921,0,0
1557,4475873,0,0
1558,4419813,0,0
1559,4168618,0,1
1560,1817380,0,1
1561,6187055,1,1
1562,5072893,1,1
1563,9732127,1,0
1564,3214443,1,1
1565,9419342,0,1
1566,9371990,0,0
1567,9495617,1,1
1568,4342375,0,1
1569,1123280,0,0
1570,2065623,1,1
1571,6522133,0,1
1572,9939863,0,0
1573,5717621,1,1
1574,4055543,0,0
1575,2214068,0,1
1576,6152191,0,0
1577,1805558,1,1
1578,4405557,0,0
1579,9949620,0,1
1580,6415240,0,1
1581,5648460,1,1
1582,8652207,1,1
1583,8823846,0,0
1584,9123155,1,1
1585,6465604,0,1
1586,2585167,1,1
1587,4262326,1,1
1588,2575753,1,1
1589,3646061,0,1
1590,7228345,0,0
1591,4373576,1,1
1592,8481477,0,1
1593,6411150,1,1
1594,2308504,0,1
1595,3251019,1,0
1596,8888778,0,0
1597,9396259,1,1
1598,5253455,0,1
1599,7551590,0,1
1600,1307366,0,0
1601,2849637,1,1
1602,5571310,1,1
1603,2663799,1,1
1604,4475684,1,0
1605,3686085,1,1
1606,3713390,1,1
1607,7524196,0,0
1608,6350071,0,1
1609,5406872,1,0
1610,5409482,0,1
1611,8110979,1,1
1612,3221856,1,0
1613,8889151,1,1
1614,5842992,1,1
1615,7982594,0,1
1616,3987410,1,0
1617,7331753,1,1
1618,6844182,0,0
1619,9318185,0,0
1620,9341349,1,0
1621,2204814,0,0
1622,7981115,1,1
1623,8966118,1,1
1624,1342999,0,0
1625,6134481,0,0
1626,4781295,1,1
1627,7333470,0,0
1628,9570193,0,0
1629,2230717,1,0
1630,3678135,1,1
1631,7180373,0,0
1632,8864334,1,1
1633,4975501,0,0
1634,4499356,0,1
1635,1217084,0,1
1636,4004929,1,1
1637,8306364,1,1
1638,2131189,0,1
1639,6641071,0,0
1640,8823941,1,1
1641,6248474,1,1
1642,8892975,0,0
1643,2364027,0,1
1644,3013928,1,1
1645,1329996,0,1
1646,4201500,0,0
1647,7865409,0,0
1648,6149339,1,1
1649,6858553,1,1
1650,8331370,0,0
1651,2520047,0,0
1652,7648206,0,0
1653,6806275,1,1
1654,9692379,0,0
1655,4581825,0,0
1656,2275305,1,0
1657,6294843,1,0
1658,3499388,0,1
1659,7170675,0,0
1660,7802974,1,1
1661,4834864,0,1
1662,9164024,1,0
1663,6487326,1,0
1664,3281581,1,0
1665,9393758,0,1
1666,8466393,1,1
1667,3624350,0,1
1668,6893518,1,0
1669,7878410,1,1
1670,3267002,1,1
1671,5824062,0,0
1672,4795264,1,1
1673,4676168,0,0
1674,3618436,1,0
1675,1790119,1,1
1676,5648483,1,0
1677,5016281,1,1
1678,6917183,0,1
1679,2660810,1,1
1680,3431891,1,1
1681,1978714,1,0
1682,4744062,1,1
1683,2648145,0,1
1684,4577756,0,0
1685,5294900,1,1
1686,8851547,0,1
1687,8890758,1,1
1688,6527865,1,0
1689,3401795,0,0
1690,2322503,1,1
1691,5482353,0,0
1692,8510153,0,0
1693,5549456,0,0
1694,5225407,0,0
1695,9495545,1,1
1696,1484208,0,0
1697,3387819,0,0
1698,5947967,0,1
1699,5189324,0,0
1700,9670274,0,1
1701,4279208,1,1
1702,7785229,1,1
1703,4710962,0,1
1704,3933699,1,1
1705,5797590,1,1
1706,9403191,1,1
1707,8001981,1,1
1708,4804852,1,1
1709,7712352,0,1
1710,7436104,1,1
1711,5287552,0,1
1712,4599392,1,1
1713,4778732,1,0
1714,1255663,1,0
1715,2398660,0,1
1716,4865454,0,0
1717,1897716,1,1
1718,1519321,0,1
1719,6909345,1,1
1720,3183592,1,1
1721,9706785,1,1
1722,1837680,0,0
1723,6066737,1,1
1724,3353544,1,1
1725,6398985,1,0
1726,4034211,1,1
1727,8584472,0,1
1728,8426588,0,0
1729,2790397,1,0
1730,9403565,1,1
1731,6742264,0,1
1732,4556614,0,0
1733,7635877,1,1
1734,5354108,1,0
1735,3635882,1,0
1736,2299516,0,1
1737,3854940,0,0
1738,6127092,1,1
1739,7103086,0,1
1740,1441383,0,0
1741,6072183,0,0
1742,4826856,0,0
1743,7711492,1,0
1744,1217945,0,1
1745,5960574,0,0
1746,3157229,1,1
1747,8497638,1,1
1748,1393253,1,1
1749,5880221,1,1
1750,6834293,1,1
1751,5867020,1,1
1752,2251250,1,1
1753,3354038,0,0
1754,6337010,1,1
1755,2625375,0,1
1756,8125443,1,1
1757,6656130,0,0
1758,1786115,1,1
1759,4728035,0,0
1760,2344905,0,0
1761,7762975,1,1
1762,1541693,1,1
1763,2515551,0,0
1764,1427634,1,1
1765,2585092,1,1
1766,7331808,0,0
1767,8712339,1,1
1768,6900081,1,1
1769,7009985,1,0
1770,3789912,1,1
1771,6112699,0,0
1772,9572557,0,1
1773,4017769,1,1
1774,7725281,1,1
1775,7025080,0,0
1776,5048137,1,1
1777,8214852,0,1
1778,3961756,1,1
1779,4827573,0,0
1780,2819226,0,0
1781,3927597,0,1
1782,5929044,0,0
1783,5629245,1,1
1784,6267734,0,0
1785,9553800,1,1
1786,5038783,1,1
1787,7721226,0,0
1788,9602222,0,0
1789,4470403,0,0
1790,7234463,0,0
1791,9933993,1,1
1792,2024659,1,1
1793,7882138,1,1
1794,5185060,1,1
1795,7184969,0,0
1796,8598532,1,1
1797,1183883,0,1
1798,3922364,1,1
1799,8631653,0,0
1800,6196216,1,1
1801,9366595,0,1
1802,4904732,0,1
1803,3263249,0,1
1804,6445105,1,1
1805,9171058,0,1
1806,4887500,0,0
1807,6739041,1,0
1808,3518722,1,0
1809,3233870,1,1
1810,8937291,1,1
1811,1679722,1,0
1812,5677257,1,1
1813,9122405,0,1
1814,1676026,0,1
1815,6096060,1,1
1816,6751731,1,0
1817,7485484,0,0
1818,8906157,0,0
1819,1374785,0,0
1820,1364529,0,1
1821,2064746,0,1
1822,4276359,1,1
1823,9839017,1,1
1824,1765635,0,0
1825,6394390,0,1
1826,2372840,1,1
1827,3743344,0,0
1828,9623034,1,1
1829,9993735,1,0
1830,7289603,1,1
1831,2171461,1,1
1832,2489679,0,1
1833,9469635,1,1
1834,1779960,0,0
1835,6888443,1,1
1836,7155924,1,0
1837,3580117,1,1
1838,1845301,1,1
1839,5969771,1,1
1840,6442289,1,1
1841,7770553,1,1
1842,4000026,0,0
1843,7615872,0,1
1844,6103134,1,1
1845,6946592,1,1
1846,7573925,0,1
1847,2299619,1,1
1848,4970325,1,0
1849,5467937,0,0
1850,2585566,0,1
1851,9821750,0,0
1852,7683517,1,1
1853,7633660,0,1
1854,5911258,0,1
1855,3246909,1,0
1856,9945919,1,1
1857,3828296,1,1
1858,3781670,0,0
1859,9462404,0,1
1860,4642425,1,1
1861,9129928,0,0
1862,5334330,0,1
1863,9188498,0,1
1864,3179818,1,0
1865,8118548,1,1
1866,9956391,1,0
1867,4263800,1,1
1868,7801653,0,0
1869,4653364,0,0
1870,1512908,0,0
1871,8859149,0,1
1872,7413717,0,0
1873,3766365,0,0
1874,5685909,1,1
1875,1295989,1,1
1876,9158796,1,1
1877,1221584,0,1
1878,7459565,1,1
1879,7269040,0,1
1880,1872495,0,1
1881,9278558,0,0
1882,8586074,0,0
1883,4906299,1,1
1884,7415956,1,1
1885,4161494,1,1
1886,6199059,1,0
1887,8211497,1,1
1888,6479783,1,0
1889,6577840,1,1
1890,2139419,1,1
1891,2856902,0,0
1892,8086773,1,1
1893,9061964,1,1
1894,9124698,0,0
1895,7596366,1,0
1896,9138767,1,1
1897,3816464,1,0
1898,2048769,0,1
1899,3915983,0,1
1900,4096861,1,1
1901,6361877,1,1
1902,9759455,0,1
1903,3475487,0,0
1904,3179581,1,1
1905,1821686,0,0
1906,2330199,1,0
1907,1693679,0,0
1908,9755216,1,0
1909,5839796,1,1
1910,3989702,1,1
1911,3751541,0,0
1912,7213454,0,1
1913,8676216,0,0
1914,8138208,1,0
1915,5482180,1,1
1916,8886271,0,0
1917,4874256,0,0
1918,1360986,1,0
1919,2301792,1,1
1920,1494862,1,1
1921,8136048,0,1
1922,5454454,0,0
1923,5097224,1,0
1924,7351276,1,0
1925,4642878,1,1
1926,8359796,1,1
1927,4784468,0,1
1928,6527762,0,1
1929,3884372,0,1
1930,9909259,0,1
1931,4317275,0,0
1932,7735163,1,1
1933,3635893,1,1
1934,2113878,1,1
1935,5296805,1,1
1936,4651838,0,0
1937,8996752,1,0
1938,7357944,0,1
1939,7889728,0,1
1940,7922747,0,1
1941,7697967,0,0
1942,4669289,0,0
1943,4847429,0,0
1944,3415741,0,0
1945,3011355,1,1
1946,1792989,0,0
1947,2276812,1,0
1948,2551387,0,1
1949,4143217,1,0
1950,2085392,1,0
1951,7021164,1,1
1952,3770884,1,1
1953,6020632,0,0
1954,9847212,1,1
1955,8100800,0,0
1956,6369904,1,0
1957,1478251,1,0
1958,6002045,1,0
1959,8765522,1,1
1960,4225290,0,0
1961,5855946,1,1
1962,4041634,0,0
1963,3510843,0,1
1964,8139611,1,0
1965,5439264,0,0
1966,6639359,1,0
1967,2579410,0,0
1968,4463520,0,1
1969,9030365,0,0
1970,9307282,0,1
1971,8759118,0,0
1972,1173623,1,1
1973,2376172,1,0
1974,6721305,0,1
1975,8423586,1,1
1976,9448670,0,0
1977,6055982,1,0
1978,7960579,1,1
1979,1185897,0,1
1980,6064265,1,1
1981,8751521,0,1
1982,2621153,1,1
1983,5316143,1,0
1984,3232246,1,0
1985,6554730,1,1
1986,2134821,1,0
1987,1895441,0,1
1988,1280915,1,1
1989,6335627,1,1
1990,9759822,1,0
1991,9095370,0,0
1992,2762643,0,1
1993,7378244,0,1
1994,9367264,1,1
1995,9232103,0,0
1996,8579540,1,1
1997,4638265,0,0
1998,1156027,1,1
1999,6351013,0,0
2000,8602273,0,0
2001,5213970,0,0
2002,1454313,1,0
2003,6232773,0,1
2004,7684724,0,1
2005,6055756,1,1
2006,6496931,1,1
2007,5574919,1,1
2008,7886938,1,1
2009,2854686,1,1
2010,9080203,0,1
2011,9271147,0,0
2012,6533241,0,0
2013,5246035,1,1
2014,5977660,1,0
2015,8865518,0,0
2016,6589830,1,1
2017,5449389,1,1
2018,2541900,0,0
2019,2352669,0,1
2020,3138332,1,1
2021,9596129,1,1
2022,1145054,0,1
2023,9295921,0,1
2024,8371239,0,1
2025,6726259,0,0
2026,5932375,0,0
2027,5018936,1,1
2028,8979364,1,1
2029,7423692,1,1
2030,4358181,0,1
2031,4576588,1,1
2032,8474947,1,1
2033,7046075,1,1
2034,4218221,0,1
2035,9257957,0,0
2036,9162009,0,0
2037,1964402,0,0
2038,8238330,1,1
2039,4535382,0,0
2040,2847214,0,1
2041,5844774,1,1
2042,5968091,1,1
2043,9992416,1,1
2044,3271967,0,1
2045,9611545,0,1
2046,9227174,1,1
2047,3349691,1,0
2048,7823506,1,1
2049,5093414,0,1
2050,5333046,1,1
2051,5157947,1,1
2052,6258067,0,0
2053,3618567,0,0
2054,4156025,1,0
2055,7201993,0,1
2056,4877873,1,1
2057,2388439,0,0
2058,3406696,0,1
2059,1545974,0,0
2060,9009018,1,0
2061,1390654,1,1
2062,8552586,0,1
2063,3486923,0,0
2064,1751085,1,0
2065,8694052,0,0
2066,5812204,0,0
2067,8307727,0,0
2068,8897505,1,1
2069,1953751,0,1
2070,3395537,0,1
2071,3181649,1,1
2072,9467042,1,1
2073,6867790,1,1
2074,4562767,0,0
2075,5688636,0,0
2076,8741607,1,1
2077,6340520,1,1
2078,2241945,1,1
2079,1551663,1,1
2080,8350367,1,1
2081,1478829,0,1
2082,1489995,1,1
2083,4233382,0,0
2084,5117542,1,1
2085,6038001,0,0
2086,5475054,1,1
2087,7450902,0,1
2088,4557385,0,0
2089,6039451,0,0
2090,6531124,1,1
2091,4192921,1,1
2092,5700559,1,1
2093,6511143,1,1
2094,5314532,1,0
2095,2327066,1,1
2096,7623375,1,0
2097,8602182,0,0
2098,7302025,1,1
2099,8056164,1,1
2100,6868167,0,0
2101,9025030,0,0
2102,2384571,0,0
2103,4734477,1,1
2104,1639045,0,1
2105,2600945,1,1
2106,6494087,1,1
2107,3919294,0,1
2108,1754654,0,0
2109,4994368,1,1
2110,4364280,1,1
2111,8007732,0,1
2112,5096015,0,1
2113,5438049,1,1
2114,4401448,1,1
2115,1800332,1,1
2116,6015475,0,0
2117,6858069,1,1
2118,4820694,1,0
2119,3534915,1,1
2120,5488768,1,1
2121,8089344,0,1
2122,7185111,0,1
2123,7277754,1,1
2124,2018893,0,0
2125,3333272,0,1
2126,8576362,0,1
2127,8486576,1,1
2128,4840621,1,0
2129,9138922,0,0
2130,5195786,0,1
2131,2204693,1,1
2132,4220098,0,0
2133,2384618,0,0
2134,4190852,0,0
2135,6765716,1,0
2136,6879329,0,0
2137,1458459,1,0
2138,5895747,1,1
2139,2637368,0,0
2140,9898756,1,1
2141,1698193,1,0
2142,7849432,0,0
2143,4844737,1,1
2144,5534305,1,0
2145,9564040,1,1
2146,9270053,0,0
2147,7955134,1,1
2148,5510519,1,0
2149,1126364,0,0
2150,7592650,1,1
2151,9287679,1,1
2152,5946621,1,1
2153,5785194,1,1
2154,3971890,1,0
2155,1759127,0,1
2156,2195206,0,1
2157,7800755,1,1
2158,8329062,0,0
2159,3832978,1,0
2160,3386783,1,1
2161,5705481,1,1
2162,7357607,0,0
2163,4401987,1,1
2164,9008358,1,1
2165,5808120,1,1
2166,4594428,0,0
2167,7883052,1,1
2168,5612440,0,1
2169,9032235,0,0
2170,1638610,1,1
2171,9322309,1,1
2172,2946676,0,1
2173,1825327,0,0
2174,7048471,1,1
2175,7491552,1,0
2176,9959946,0,0
2177,4374155,1,1
2178,4176137,1,1
2179,9410329,1,0
2180,2808120,1,1
2181,8954750,1,0
2182,4838630,0,1
2183,1833663,1,1
2184,3675544,1,0
2185,4673208,0,1
2186,7010476,0,1
2187,4255799,0,1
2188,4246616,0,0
2189,7987771,0,1
2190,7631973,0,0
2191,5194482,1,1
2192,2901257,1,0
2193,4261664,0,1
2194,1555845,0,1
2195,7689514,1,1
2196,6937519,1,0
2197,3427775,1,1
2198,3470476,1,1
2199,3339076,1,1
2200,1471825,1,1
2201,5322860,1,1
2202,6228707,1,1
2203,4048022,0,0
2204,5020367,1,0
2205,5770876,1,0
2206,1241952,0,0
2207,8024169,1,0
2208,5490466,1,1
2209,4761580,0,1
2210,1217055,0,1
2211,5662430,0,1
2212,3065194,1,1
2213,4511710,0,0
2214,9220292,0,1
2215,9444281,0,0
2216,9888426,0,0
2217,5389807,0,0
2218,9019246,0,0
2219,4601224,1,1
2220,1164741,1,0
2221,3682618,0,1
2222,9664764,0,0
2223,9820548,0,0
2224,1754400,0,0
2225,8004914,1,1
2226,2211315,1,1
2227,7821216,0,0
2228,9610861,0,0
2229,7348183,0,0
2230,8554268,0,0
2231,2292280,1,1
2232,2732069,0,1
2233,7032247,1,1
2234,3085258,0,0
2235,1635600,0,1
2236,5380502,1,1
2237,6176554,1,1
2238,3894731,1,0
2239,3819837,1,1
2240,1127568,0,1
2241,6220405,0,0
2242,3317743,1,1
2243,7580634,1,1
2244,2539050,1,1
2245,6687908,1,1
2246,3592554,0,0
2247,3410599,0,0
2248,9717364,0,0
2249,5320053,1,1
2250,7843067,1,1
2251,3362810,1,1
2252,7227931,0,0
2253,5185835,1,0
2254,2437771,0,0
2255,9990998,0,0
2256,6283805,1,0
2257,3792115,0,0
2258,6981991,0,0
2259,6364994,1,1
2260,3280987,1,0
2261,9760088,0,0
2262,2320120,0,1
2263,2491538,1,1
2264,2168054,0,1
2265,5747548,0,0
2266,8926441,0,0
2267,4937270,0,0
2268,4400783,1,1
2269,4933842,0,1
2270,1212952,1,1
2271,5711211,1,1
2272,7689895,0,0
2273,6369809,1,1
2274,9780756,1,1
2275,6832030,1,0
2276,7754293,1,1
2277,6683084,1,1
2278,6966301,1,1
2279,6784186,1,1
2280,3683155,1,1
2281,5675276,1,1
2282,4791098,0,0
2283,4802542,0,0
2284,2190162,1,1
2285,6187660,0,0
2286,4675032,0,0
2287,8167376,0,0
2288,4301366,1,1
2289,9124840,1,1
2290,3889268,0,0
2291,6031310,0,1
2292,9652819,0,1
2293,9378427,0,1
2294,5520192,1,1
2295,5274283,1,1
2296,9189623,0,0
2297,8680406,1,0
2298,6908916,0,0
2299,5232586,1,0
2300,8774000,0,1
2301,6464090,1,0
2302,5042580,0,0
2303,9133685,1,1
2304,3300130,0,0
2305,4059231,1,1
2306,7567594,1,1
2307,5515469,0,0
2308,7280951,1,1
2309,1814780,1,1
2310,8596221,1,1
2311,5703140,0,0
2312,8512862,0,0
2313,5070639,1,0
2314,7877876,1,1
2315,2421871,0,0
2316,8194957,1,1
2317,9690275,1,1
2318,4138302,1,1
2319,9525180,1,1
2320,6905760,1,1
2321,8241034,0,0
2322,1872400,0,0
2323,6210379,0,1
2324,5551411,1,1
2325,7912090,1,1
2326,1308876,0,1
2327,4494363,0,1
2328,7693181,1,0
2329,5152290,0,1
2330,6955845,1,1
2331,1966695,1,0
2332,5153092,1,0
2333,1951427,1,1
2334,6742225,0,0
2335,3681894,1,0
2336,1377693,1,1
2337,6840924,0,0
2338,5102247,1,1
2339,2717104,0,0
2340,8274146,1,1
2341,6104108,1,1
2342,4306187,0,1
2343,4215100,0,1
2344,9258195,1,1
2345,8681896,1,1
2346,1331272,0,1
2347,4590760,0,1
2348,8737876,0,1
2349,2265213,0,0
2350,5409926,0,1
2351,8009134,1,0
2352,6296731,1,0
2353,5398511,0,0
2354,3335842,1,1
2355,2488652,1,1
2356,3891243,1,1
2357,7714508,1,1
2358,8043152,0,1
2359,1609300,1,0
2360,8533098,1,1
2361,1615190,0,0
2362,9844964,0,0
2363,1491916,1,1
2364,1499571,1,1
2365,2288230,1,0
2366,4237720,0,0
2367,2503278,1,1
2368,7552253,1,1
2369,9686040,1,1
2370,2802849,1,1
2371,6639654,0,1
2372,2523057,0,1
2373,7561919,1,1
2374,3260412,0,1
2375,4843724,1,1
2376,6239533,0,0
2377,2470090,0,0
2378,6605275,0,0
2379,2179686,0,0
2380,8230957,0,1
2381,6081235,0,0
2382,5147697,0,1
2383,6130081,0,1
2384,2717396,0,0
2385,1382084,1,1
2386,7362400,1,0
2387,9631936,1,1
2388,7038237,0,1
2389,1540059,1,1
2390,6936922,0,0
2391,8017734,0,1
2392,7083414,1,1
2393,2890351,0,0
2394,9002076,0,0
2395,2444966,1,1
2396,2189651,1,1
2397,1905162,1,1
2398,6774041,1,1
2399,6463747,0,0
2400,9061232,0,0
2401,4115293,1,0
2402,5533721,1,0
2403,9797113,0,0
2404,3309505,0,0
2405,6145211,0,0
2406,8151930,1,1
2407,4694549,0,0
2408,2968398,1,1
2409,8891169,1,1
2410,7132992,1,1
2411,8160818,1,0
2412,7732525,0,0
2413,7019224,1,1
2414,5973699,1,1
2415,4770211,1,0
2416,7991945,1,1
2417,4216526,1,1
2418,8568115,0,1
2419,6297074,0,1
2420,3229274,1,1
2421,9768034,0,1
2422,1380873,1,1
2423,3328938,1,1
2424,3457489,0,0
2425,2932020,0,1
2426,7096651,0,1
2427,1794156,1,1
2428,2902760,1,1
2429,2977929,1,0
2430,2115836,1,1
2431,2786299,1,1
2432,6946513,1,1
2433,1308032,0,1
2434,6568405,0,0
2435,4444752,1,1
2436,2926939,1,0
2437,7388991,1,0
2438,8021912,1,0
2439,4818918,1,1
2440,9577374,0,1
2441,8094018,0,0
2442,2489571,0,1
2443,5218988,1,1
2444,2613932,1,1
2445,9796639,0,0
2446,8502704,0,0
2447,9500064,1,0
2448,4317957,0,1
2449,2944406,1,0
2450,2832658,1,1
2451,4142959,0,0
2452,3368293,0,0
2453,5564247,0,1
2454,5528334,1,0
2455,9858220,0,0
2456,2589498,1,0
2457,9839875,1,1
2458,7831290,1,1
2459,3778777,0,0
2460,1166733,1,1
2461,4967983,0,1
2462,1825484,1,1
2463,2084990,0,1
2464,1655019,0,1
2465,1469071,1,1
2466,6897199,1,1
2467,5537216,1,1
2468,2508464,1,1
2469,6672247,0,0
2470,3233641,1,0
2471,2095152,1,1
2472,8724421,1,1
2473,7930775,1,1
2474,9830838,1,1
2475,2627562,1,0
2476,6441322,0,0
2477,9284740,1,1
2478,8453853,1,1
2479,1728891,0,0
2480,7410072,0,0
2481,2001254,0,1
2482,8343586,0,0
2483,4062222,1,1
2484,3819384,1,1
2485,2097093,0,1
2486,4664610,1,1
2487,3763868,1,1
2488,3401653,0,0
2489,8264781,0,1
2490,2553205,0,0
2491,2455073,1,1
2492,7682527,0,1
2493,6673271,0,0
2494,6558691,0,0
2495,7407239,1,1
2496,5844309,1,1
2497,2532284,1,1
2498,7845431,0,1
2499,5264657,0,0
2500,8511252,1,1
2501,7478282,0,1
2502,6191098,0,0
2503,4858045,1,0
2504,4465706,1,1
2505,3388256,0,1
2506,7427539,1,1
2507,4720692,0,1
2508,7584256,0,1
2509,4663493,0,0
2510,1146610,1,0
2511,5605099,1,1
2512,6220585,0,0
2513,3128441,0,0
2514,8013537,0,1
2515,2256675,1,1
2516,8383850,1,1
2517,5610607,1,0
2518,4785897,1,0
2519,2158110,0,1
2520,7519493,1,1
2521,8942155,0,1
2522,5656521,0,1
2523,5078187,1,1
2524,2413354,0,0
2525,9259323,1,1
2526,4930048,1,1
2527,8452744,0,1
2528,5049077,0,0
2529,6295996,1,1
2530,7909583,0,1
2531,8743853,1,1
2532,7923966,0,1
2533,6163562,0,0
2534,9077278,0,1
2535,1853182,1,1
2536,7044606,1,0
2537,7785029,1,0
2538,1681094,1,1
2539,3272998,0,1
2540,6325218,0,1
2541,4443674,1,1
2542,7286168,1,1
2543,6319746,1,1
2544,8287357,1,0
2545,7161913,1,0
2546,7395125,1,1
2547,3156885,1,1
2548,6318588,0,0
2549,3461213,1,1
2550,9412902,1,0
2551,7579032,1,0
2552,8413868,0,0
2553,3838687,0,1
2554,7906692,0,1
2555,9647119,0,1
2556,2432897,0,0
2557,1298532,1,0
2558,1907324,0,1
2559,6151989,1,1
2560,8986018,1,1
2561,9375601,0,1
2562,9339634,0,0
2563,8337500,0,0
2564,3498722,1,0
2565,8359287,0,1
2566,1765114,1,1
2567,5798298,1,1
2568,5812476,1,1
2569,7357329,1,1
2570,4670787,0,0
2571,6290238,1,1
2572,2771385,0,0
2573,8561749,1,0
2574,4230330,0,0
2575,2342195,1,1
2576,3147636,1,0
2577,4866178,1,1
2578,5961912,1,1
2579,1693620,0,1
2580,9436768,1,1
2581,9658213,1,0
2582,7086175,1,1
2583,9417193,1,1
2584,6480975,0,1
2585,3544826,1,1
2586,8114614,1,0
2587,5256695,0,1
2588,9868142,0,0
2589,3428969,1,0
2590,2664866,1,0
2591,7459403,1,1
2592,6348056,1,1
2593,7534851,1,1
2594,7687628,0,0
2595,5618666,1,1
2596,4007401,0,0
2597,1677591,0,0
2598,7262272,0,0
2599,2982647,1,0
2600,1826913,1,1
2601,4556553,1,1
2602,7820895,0,0
2603,9802759,0,0
2604,6029851,0,0
2605,5498613,1,1
2606,1236925,0,0
2607,5386972,1,0
2608,3564564,1,1
2609,2216744,1,1
2610,7062602,1,1
2611,2480727,1,1
2612,8912257,0,0
2613,9669987,1,1
2614,5716025,0,0
2615,3400774,1,1
2616,4097477,0,0
2617,5832677,1,1
2618,5867869,0,1
2619,8355439,0,1
2620,8889155,0,1
2621,3573175,0,0
2622,3830007,0,1
2623,5824271,0,1
2624,4244954,0,0
2625,8575480,1,1
2626,6381076,1,1
2627,8514437,1,0
2628,3610852,1,1
2629,2597274,1,1
2630,2437211,1,0
2631,8590087,0,1
2632,1917037,1,0
2633,7689581,0,0
2634,4296677,1,0
2635,5649515,0,1
2636,3415635,1,0
2637,8529471,1,1
2638,9041606,0,0
2639,4233456,1,1
2640,1956414,1,1
2641,8445226,1,0
2642,2011207,0,0
2643,9488596,0,0
2644,9410794,0,0
2645,5705465,1,1
2646,1780686,0,1
2647,2646943,1,1
2648,5615399,1,1
2649,7288574,1,1
2650,5279340,1,1
2651,8410707,1,1
2652,7721247,0,1
2653,8954783,0,1
2654,1320724,1,1
2655,6595326,1,1
2656,5753541,0,1
2657,2376863,0,1
2658,1716982,1,1
2659,4018027,1,0
2660,5547450,1,1
2661,8227931,1,0
2662,5596745,1,1
2663,1659147,0,0
2664,5062443,1,1
2665,4730003,0,0
2666,7818253,0,1
2667,3462210,1,1
2668,6449519,0,1
2669,1419248,0,0
2670,1476227,1,0
2671,3895975,0,0
2672,2271432,0,1
2673,9482541,1,1
2674,7248231,1,0
2675,8581330,1,1
2676,9626306,0,1
2677,8668886,1,1
2678,9302244,1,1
2679,8360790,1,1
2680,6741643,0,0
2681,7778344,1,1
2682,7611317,1,1
2683,5842958,0,0
2684,1224990,1,1
2685,4338883,0,0
2686,1676153,1,1
2687,6792773,1,1
2688,2703432,0,1
2689,8950214,1,1
2690,7056712,1,1
2691,2858135,0,0
2692,9826208,0,0
2693,3375877,0,0
2694,4979286,0,0
2695,7486573,1,1
2696,4562159,1,1
2697,2399556,0,1
2698,7467421,0,0
2699,8148457,0,0
2700,5150224,1,1
2701,6067968,0,0
2702,6778967,1,1
2703,2248495,1,1
2704,8773371,0,0
2705,8496202,0,1
2706,8212122,1,1
2707,2828113,0,1
2708,2963876,0,0
2709,4012381,1,1
2710,5232109,0,1
2711,4599877,1,0
2712,3776922,1,1
2713,7211996,0,1
2714,4003177,1,1
2715,5600165,0,0
2716,2152760,0,0
2717,9494509,0,0
2718,6552343,0,0
2719,9937912,0,0
2720,8084103,1,1
2721,2245496,0,0
2722,9340647,0,1
2723,5733329,1,1
2724,4768745,1,1
2725,8507176,0,0
2726,1288861,0,1
2727,4983559,1,0
2728,7015780,0,1
2729,4439665,1,1
2730,9576697,1,0
2731,6059655,0,0
2732,1479885,1,0
2733,3357969,0,1
2734,1654820,0,0
2735,7678742,1,1
2736,6158935,1,1
2737,2418616,1,1
2738,1112537,0,0
2739,8195992,1,1
2740,1150111,0,1
2741,5117959,1,1
2742,8053083,1,1
2743,7430455,1,1
2744,3379342,0,1
2745,1198755,0,0
2746,8623940,1,0
2747,4070393,0,0
2748,2203153,1,1
2749,7680207,0,0
2750,5328688,0,0
2751,2725879,1,1
2752,3022377,1,0
2753,3323423,0,0
2754,1174706,1,0
2755,5365529,0,1
2756,5561135,1,1
2757,2522839,1,1
2758,9919941,1,1
2759,6504935,0,0
2760,4269754,1,0
2761,5843623,0,1
2762,9029606,1,1
2763,9607408,0,1
2764,3333993,1,0
2765,6594000,1,1
2766,2305239,0,1
2767,2368058,0,0
2768,6349611,0,0
2769,3718260,1,1
2770,7359081,1,0
2771,8154296,0,0
2772,2887569,0,0
2773,9773234,1,1
2774,6485633,1,1
2775,2062985,1,0
2776,5220047,1,1
2777,7576927,0,0
2778,4502971,1,1
2779,1748245,0,0
2780,2636355,0,1
2781,9323176,0,1
2782,2105574,1,0
2783,2812974,1,1
2784,7873997,0,1
2785,1630781,0,1
2786,1656086,0,0
2787,8570435,1,0
2788,1804418,1,0
2789,7344026,0,1
2790,9502012,0,1
2791,9345905,1,1
2792,8707042,1,0
2793,3395358,1,1
2794,3237985,1,1
2795,3723253,0,1
2796,9240098,0,0
2797,6347799,0,1
2798,7086230,1,0
2799,2145084,1,1
2800,9227466,0,1
2801,3682093,1,0
2802,8457467,1,1
2803,2016627,0,1
2804,6600739,0,1
2805,4535704,0,1
2806,1237652,0,0
2807,9357660,0,0
2808,5397318,0,1
2809,2679468,0,1
2810,5512161,0,0
2811,3953870,0,0
2812,3456626,1,1
2813,3725062,0,1
2814,8122487,1,1
2815,6989789,1,1
2816,9340922,0,0
2817,1816899,0,0
2818,4131432,1,1
2819,5279587,1,1
2820,7526829,0,1
2821,4494439,0,0
2822,2676384,1,0
2823,7807317,1,1
2824,9007044,0,1
2825,4426435,1,0
2826,6062836,1,0
2827,8651549,1,1
2828,6763026,0,1
2829,9043357,0,0
2830,6195468,0,1
2831,6674900,1,1
2832,7027559,0,1
2833,3054445,1,1
2834,3622761,1,1
2835,7389029,0,0
2836,5156207,0,0
2837,9591670,1,0
2838,1403171,0,0
2839,1876246,1,1
2840,2375500,0,0
2841,6443851,1,0
2842,8716872,0,0
2843,1814318,0,0
2844,5512288,1,1
2845,9463091,0,1
2846,4745577,1,1
2847,4577296,1,1
2848,1982196,1,1
2849,7952144,1,0
2850,3197227,0,0
2851,5689154,1,1
2852,2503781,1,0
2853,8187813,0,0
2854,6951696,0,1
2855,8016881,0,0
2856,1447497,1,1
2857,8138070,0,0
2858,9198569,0,0
2859,3059507,1,0
2860,8336715,0,0
2861,4217893,0,1
2862,8527023,1,1
2863,8470131,0,0
2864,6306172,1,1
2865,5167751,1,1
2866,1971437,1,1
2867,8776914,0,0
2868,4461958,1,1
2869,8040070,1,0
2870,3123595,1,0
2871,2852649,1,1
2872,6515217,0,1
2873,1462336,1,0
2874,9424108,0,0
2875,5862241,0,1
2876,5319764,1,0
2877,6164477,1,1
2878,2097850,1,1
2879,7634127,0,0
2880,4345202,1,1
2881,6420534,0,1
2882,1114949,0,1
2883,9302647,1,0
2884,7987284,0,1
2885,2478905,1,0
2886,5446751,0,1
2887,7558235,0,1
2888,2463689,0,1
2889,9355732,1,1
2890,2619145,1,1
2891,9162808,1,1
2892,4691923,1,1
2893,4142228,1,0
2894,7559089,0,1
2895,5419242,0,1
2896,2320350,1,0
2897,6100557,1,0
2898,2083898,1,0
2899,4885108,0,1
2900,8587089,1,1
2901,8284530,0,0
2902,5116698,0,1
2903,6230342,1,1
2904,8358386,0,1
2905,8664431,1,1
2906,8417554,1,1
2907,4951050,1,0
2908,2258504,1,1
2909,7634652,1,1
2910,9143865,1,1
2911,6928516,0,0
2912,7581828,1,1
2913,6037578,1,1
2914,1665087,0,1
2915,8956955,1,0
2916,7192767,1,1
2917,3474249,1,1
2918,3075768,1,1
2919,9225926,1,0
2920,1279443,1,1
2921,1117646,1,1
2922,8216455,1,0
2923,6101477,1,1
2924,9320644,1,1
2925,2441448,1,1
2926,8990111,0,0
2927,6480492,0,1
2928,4636247,1,0
2929,6917577,0,1
2930,4954683,0,0
2931,3500032,0,1
2932,7062142,0,1
2933,3624869,0,1
2934,8900345,0,1
2935,9249527,1,0
2936,6972661,0,0
2937,4585489,1,1
2938,5414446,1,1
2939,2917548,0,0
2940,8226585,0,1
2941,8062111,1,1
2942,6534692,1,1
2943,3490761,1,1
2944,6433743,1,1
2945,6256600,0,1
2946,7356756,1,1
2947,2576362,0,0
2948,6284613,1,1
2949,3425222,1,1
2950,7947035,1,1
2951,8271736,1,1
2952,4647794,1,1
2953,8751206,0,0
2954,7493067,1,1
2955,4749865,1,1
2956,9128328,0,1
2957,9552647,0,0
2958,1832244,1,1
2959,6066887,0,1
2960,4886603,0,0
2961,1708253,1,1
2962,7932741,0,0
2963,6414003,0,0
2964,8696244,1,1
2965,5051248,1,1
2966,8297983,1,1
2967,7646606,0,0
2968,2200063,1,1
2969,7298791,1,1
2970,1811997,0,0
2971,5731260,1,1
2972,2402579,0,1
2973,5001640,1,1
2974,6350065,0,1
2975,2221610,1,1
2976,1186604,1,1
2977,4513727,0,0
2978,9706627,1,1
2979,4214217,0,0
2980,1928531,0,1
2981,7025564,1,0
2982,1334744,1,1
2983,9274838,1,1
2984,3290658,1,0
2985,2207875,1,0
2986,5936488,1,1
2987,4454975,0,0
2988,2905390,0,1
2989,1128700,0,0
2990,8546423,0,1
2991,6788497,0,0
2992,8534153,0,0
2993,7318837,1,1
2994,9899226,0,1
2995,5386654,1,1
2996,4998873,1,1
2997,9930976,1,1
2998,5591785,0,0
2999,9957124,1,1
3000,4830106,1,1
3001,1334299,0,1
3002,3960652,1,0
3003,5861642,1,0
3004,6270791,0,0
3005,2982066,0,1
3006,6912391,0,1
3007,1948049,1,1
3008,6710646,1,1
3009,6649411,0,1
3010,9562965,1,0
3011,8616363,0,1
3012,3843641,1,1
3013,7130367,0,1
3014,2707975,0,1
3015,1365132,1,1
3016,3756483,0,0
3017,3461583,1,1
3018,8014150,1,1
3019,9503517,1,0
3020,8099444,1,1
3021,2428911,1,1
3022,6984744,0,1
3023,5900222,0,0
3024,1381817,1,0
3025,3967050,0,0
3026,7987903,1,0
3027,2966192,1,0
3028,2114445,0,0
3029,8670062,1,0
3030,8248406,0,1
3031,5392062,1,1
3032,8741754,1,1
3033,1908643,1,1
3034,3697306,0,0
3035,5337432,0,0
3036,7209648,1,1
3037,6856141,0,1
3038,9256921,0,0
3039,3051076,1,1
3040,6605678,0,1
3041,3297501,0,0
3042,9098429,0,0
3043,9856725,0,0
3044,4898520,1,0
3045,2445358,0,1
3046,3767338,0,1
3047,3374802,1,1
3048,8566066,1,1
3049,5690435,1,1
3050,3680796,1,1
3051,2850141,1,0
3052,1459424,1,1
3053,4938165,1,1
3054,9319674,1,1
3055,6941451,1,1
3056,5241072,1,0
3057,5341729,1,1
3058,1344476,1,1
3059,2617352,1,0
3060,3923357,1,1
3061,8950013,0,0
3062,6061003,0,0
3063,4121942,0,0
3064,2803592,1,1
3065,7920905,1,1
3066,7943621,1,1
3067,5167885,0,0
3068,7929926,1,1
3069,8132835,0,1
3070,2077319,1,1
3071,9926897,0,0
3072,6003430,1,0
3073,5293011,0,0
3074,7552496,1,1
3075,6291069,1,1
3076,2982495,1,1
3077,3189428,0,0
3078,3865045,0,1
3079,6980326,0,0
3080,6116629,1,1
3081,2843480,1,1
3082,9814955,1,1
3083,5407920,1,0
3084,7280553,1,1
3085,6899813,1,0
3086,7268023,1,1
3087,4110890,1,1
3088,7553286,1,1
3089,9056719,1,1
3090,2711645,0,0
3091,7394534,1,0
3092,8674649,0,0
3093,8627544,1,1
3094,7027135,1,0
3095,5724890,0,1
3096,9819230,1,1
3097,8767287,1,1
3098,4995995,1,1
3099,2877967,1,1
3100,7906381,0,0
3101,2794400,0,0
3102,7519025,1,1
3103,4328151,1,1
3104,3164971,1,0
3105,6014383,0,1
3106,5635606,1,1
3107,6916271,0,0
3108,7928549,0,0
3109,9386569,0,0
3110,2938704,0,1
3111,8563158,1,1
3112,7163169,1,0
3113,6637438,1,1
3114,5698441,0,0
3115,9176157,1,1
3116,7249609,1,0
3117,4343205,0,1
3118,5310717,0,0
3119,9451315,1,1
3120,9840602,1,1
3121,2206848,1,0
3122,4103707,0,0
3123,3456842,0,1
3124,7133531,1,1
3125,8681293,0,0
3126,7210543,1,1
3127,9974000,1,1
3128,3633391,1,1
3129,9769703,1,1
3130,3830474,0,0
3131,9207256,0,1
3132,4091229,1,1
3133,1477257,1,1
3134,9075252,0,0
3135,2326222,0,0
3136,9826952,1,0
3137,6020401,0,0
3138,2895294,1,0
3139,5445085,1,1
3140,8449687,0,0
3141,7683634,0,0
3142,1749651,0,1
3143,9403488,1,0
3144,7968533,1,1
3145,1538358,1,1
3146,5746463,1,1
3147,2703973,1,1
3148,1177667,1,0
3149,7985044,0,1
3150,2805863,0,1
3151,1450863,1,1
3152,3213771,0,0
3153,8748699,0,0
3154,3911209,0,0
3155,5011841,0,1
3156,3909927,0,1
3157,8896461,0,0
3158,5087924,1,0
3159,4266718,0,1
3160,8799242,1,0
3161,6814505,1,1
3162,1697254,1,1
3163,7648440,0,1
3164,2473969,1,1
3165,2473732,1,1
3166,3488280,0,1
3167,3949737,1,0
3168,6029902,0,0
3169,8209595,0,0
3170,6411303,1,0
3171,5815425,0,0
3172,9129102,1,0
3173,1471163,0,1
3174,1831812,0,1
3175,8335953,1,1
3176,8944099,1,1
3177,6149937,0,0
3178,3614995,0,1
3179,7389178,1,1
3180,8296369,1,1
3181,1405818,0,0
3182,2932854,0,0
3183,6697204,1,1
3184,5224790,0,1
3185,4011729,1,1
3186,2467118,0,0
3187,9398047,0,1
3188,1697592,1,1
3189,3356965,1,0
3190,3007275,1,1
3191,3824729,1,0
3192,8670232,1,1
3193,9719232,1,1
3194,1287599,1,1
3195,9872019,0,0
3196,2806271,1,1
3197,8847624,0,1
3198,6233236,0,1
3199,4393353,0,1
3200,9684796,0,0
3201,4902721,1,1
3202,7359000,0,1
3203,5477219,0,1
3204,9247663,0,0
3205,4824349,1,1
3206,5991343,0,1
3207,2353149,0,1
3208,3641091,0,1
3209,8781553,1,1
3210,9823076,1,1
3211,9725158,0,1
3212,2113635,1,1
3213,7148529,0,1
3214,9495789,1,0
3215,9501396,1,1
3216,1184533,1,1
3217,6248557,0,1
3218,5812245,0,0
3219,2051483,1,1
3220,7764575,1,1
3221,3881072,1,1
3222,7504245,0,0
3223,2589583,0,1
3224,2015326,0,0
3225,5916294,1,1
3226,7571176,1,1
3227,9070263,0,0
3228,9648901,0,1
3229,5331722,1,0
3230,8989599,1,1
3231,3527083,0,1
3232,1846656,0,0
3233,3211238,1,1
3234,8119153,0,1
3235,6691564,0,0
3236,6994771,0,0
3237,8646976,0,1
3238,6016681,1,0
3239,9850810,1,0
3240,2446346,1,1
3241,3340024,0,1
3242,3100115,1,1
3243,8686990,0,0
3244,8942138,0,1
3245,3546740,1,0
3246,7127777,1,1
3247,4071699,0,1
3248,9216720,0,1
3249,8134652,1,1
3250,5899787,1,0
3251,5203927,0,0
3252,5009977,1,1
3253,1987204,1,1
3254,1617537,0,0
3255,1499129,1,1
3256,7844145,0,0
3257,9864600,0,1
3258,1996649,0,0
3259,1478629,1,0
3260,7657607,1,1
3261,3514082,0,0
3262,7878155,0,0
3263,2505324,0,0
3264,5694167,1,1
3265,9982198,0,1
3266,9569524,1,1
3267,3155691,0,1
3268,1460336,1,0
3269,5209149,1,0
3270,7776567,0,1
3271,7610435,0,1
3272,6202359,0,0
3273,1726024,1,1
3274,3395505,0,1
3275,3172681,1,1
3276,8162416,1,1
3277,7849413,0,1
3278,4819255,0,0
3279,3443301,0,0
3280,4264742,1,1
3281,7141314,1,1
3282,4809936,1,1
3283,5636119,1,1
3284,5191913,0,0
3285,9273345,0,0
3286,4573501,1,1
3287,1699116,1,0
3288,4470982,1,1
3289,1846519,0,1
3290,3337988,1,1
3291,2718268,1,1
3292,3038232,1,1
3293,8176589,0,1
3294,4529846,0,1
3295,4659923,0,1
3296,5031727,0,1
3297,2864463,0,1
3298,7891756,1,1
3299,5116290,0,0
3300,3983870,1,0
3301,2557883,0,1
3302,9433101,1,1
3303,2055113,1,1
3304,6955541,0,1
3305,1682560,0,1
3306,2859303,1,1
3307,4680480,0,0
3308,3668256,0,0
3309,5929314,1,0
3310,5711440,1,1
3311,1245533,1,0
3312,9834476,1,1
3313,8803811,1,1
3314,6601865,0,0
3315,8255720,1,1
3316,7005821,1,1
3317,4676523,0,0
3318,5221767,0,0
3319,8537602,0,0
3320,2965710,0,0
3321,8166424,1,1
3322,6853166,0,0
3323,2247197,1,1
3324,8642219,1,0
3325,8772865,0,1
3326,6343222,1,1
3327,3418665,1,1
3328,7004602,0,1
3329,2223801,1,1
3330,8063959,0,1
3331,6708681,1,1
3332,9417884,1,1
3333,7447593,1,1
3334,3413839,1,1
3335,7633664,0,1
3336,9987919,0,1
3337,3953448,1,1
3338,5916217,0,0
3339,5134683,0,0
3340,1547205,0,1
3341,9056716,1,1
3342,3756943,0,1
3343,8251990,1,1
3344,8440367,0,0
3345,9980908,1,1
3346,2520768,0,0
3347,7255514,0,0
3348,4962514,0,0
3349,6209498,1,1
3350,8282314,1,1
3351,9031929,0,0
3352,8726546,0,1
3353,4729714,0,0
3354,2229623,1,0
3355,7145455,0,0
3356,7963037,0,1
3357,4576764,1,1
3358,3328636,1,1
3359,2032920,0,1
3360,9466765,0,1
3361,4108741,1,1
3362,3771306,0,1
3363,8467465,1,0
3364,4665582,1,1
3365,3200752,1,1
3366,6052746,0,0
3367,2219631,1,1
3368,2645312,0,1
3369,3627975,0,0
3370,3073611,1,1
3371,9721297,1,1
3372,5368897,0,0
3373,9405872,0,1
3374,4039809,1,1
3375,6929550,0,1
3376,7644673,0,1
3377,8370392,0,1
3378,9561585,0,0
3379,1739058,0,0
3380,1377272,1,0
3381,2103574,1,1
3382,6816916,1,1
3383,2245329,0,0
3384,8747249,1,1
3385,7286256,1,0
3386,4876248,1,1
3387,7612317,0,1
3388,6960539,1,1
3389,2719925,1,0
3390,7015929,0,1
3391,2150478,1,1
3392,8133398,0,1
3393,3395784,0,1
3394,6557014,1,0
3395,4386382,1,1
3396,7999527,0,1
3397,5961175,0,0
3398,9182767,1,1
3399,4288035,0,0
3400,3081567,0,0
3401,8559241,0,0
3402,5401915,0,1
3403,9514955,0,1
3404,6098053,1,1
3405,8918725,1,1
3406,1573455,1,1
3407,9089139,0,1
3408,9225822,0,0
3409,6850418,1,1
3410,7051104,0,0
3411,4073061,1,0
3412,6923370,0,0
3413,3483644,0,1
3414,3745524,0,0
3415,7362539,0,1
3416,4452073,1,0
3417,6926175,1,0
3418,9678495,0,0
3419,5860577,1,1
3420,5464790,1,0
3421,3035978,1,1
3422,4868391,1,1
3423,4942690,0,1
3424,9220867,0,0
3425,4615051,1,0
3426,4144824,0,1
3427,7101979,0,0
3428,8529911,0,1
3429,2506709,1,1
3430,3817628,0,0
3431,8943740,1,1
3432,2716700,1,0
3433,7805608,0,1
3434,8961136,0,0
3435,7845110,1,1
3436,3097857,0,1
3437,9196419,0,0
3438,9385388,1,1
3439,6805553,1,0
3440,9893051,0,1
3441,3012602,0,0
3442,6856447,0,0
3443,9626588,0,1
3444,6083307,1,1
3445,8418436,0,1
3446,7870411,1,1
3447,2626256,1,1
3448,8805358,1,1
3449,4730495,0,0
3450,1582577,1,0
3451,2593806,1,1
3452,9564087,1,1
3453,8469701,0,1
3454,8147520,0,0
3455,6848185,1,1
3456,9610585,0,0
3457,5816078,1,0
3458,7620026,0,1
3459,7507960,0,0
3460,1853932,0,1
3461,7751369,0,1
3462,9428472,1,1
3463,1505441,0,1
3464,5661995,0,1
3465,5318181,1,1
3466,3992188,0,0
3467,9910027,1,0
3468,9861185,0,1
3469,3159178,1,1
3470,5641322,1,1
3471,9960168,0,0
3472,5042634,1,1
3473,6950845,0,0
3474,5560025,1,0
3475,3445390,1,0
3476,7683918,1,0
3477,7304263,0,0
3478,9072756,0,0
3479,9858719,1,1
3480,8593480,0,0
3481,8163767,0,0
3482,9805749,1,0
3483,6265685,1,1
3484,1711919,1,1
3485,5613341,1,1
3486,4877365,1,0
3487,2927895,1,1
3488,2163118,1,0
3489,1646108,1,0
3490,4197858,1,1
3491,4301417,1,1
3492,5488208,0,0
3493,8432398,1,1
3494,1589947,0,0
3495,8392751,0,0
3496,9180990,0,0
3497,1931458,0,1
3498,9775537,0,1
3499,1401685,0,1
3500,9451707,0,0
3501,7693326,0,0
3502,7854441,1,1
3503,8940208,1,1
3504,7897406,0,1
3505,2720830,0,0
3506,3707647,0,0
3507,6946773,0,0
3508,9876644,1,1
3509,9834996,1,1
3510,3151355,0,1
3511,2924901,0,0
3512,8683648,1,0
3513,9195494,1,1
3514,5430946,0,1
3515,4430610,0,0
3516,2349587,1,1
3517,3556793,1,1
3518,8320220,1,1
3519,1190771,0,1
3520,1382575,1,1
3521,1517110,1,1
3522,8999896,0,1
3523,9906199,1,1
3524,6048754,0,1
3525,6734289,1,1
3526,5951356,1,1
3527,4688449,1,1
3528,8507223,1,0
3529,3199304,1,1
3530,9720931,0,1
3531,8587272,0,0
3532,2003911,0,0
3533,7529453,0,0
3534,4469594,1,1
3535,9995050,1,0
3536,2222261,1,1
3537,1375442,1,1
3538,8228274,0,1
3539,7981670,0,0
3540,6387643,1,1
3541,4886343,1,1
3542,2764713,1,1
3543,8256030,1,1
3544,6943965,1,0
3545,2340300,0,0
3546,3467069,0,1
3547,6770370,1,1
3548,5954765,0,0
3549,2343832,0,0
3550,8071665,0,1
3551,6540334,1,1
3552,4296726,0,1
3553,1909606,1,1
3554,1415541,1,1
3555,8492423,1,1
3556,7796346,1,1
3557,2271274,0,1
3558,7181464,1,1
3559,2235616,1,1
3560,7487500,1,1
3561,9337125,0,1
3562,5112535,0,0
3563,9115608,0,1
3564,6678672,0,1
3565,4699725,0,1
3566,1895381,1,1
3567,9854772,1,1
3568,9604519,0,1
3569,5956432,0,0
3570,8568636,0,1
3571,2249022,0,1
3572,6670951,0,1
3573,5029861,0,0
3574,1391733,1,1
3575,9971492,0,1
3576,8960785,1,1
3577,5905983,1,1
3578,4848054,1,0
3579,9502819,0,1
3580,4908481,0,1
3581,5792720,0,0
